algorithm,group,case_id,case_name,source_type,run,seed,samples_total,samples_train,samples_test,variables,feature_names,target_expression,reward,success,train_r2,test_r2,complexity,evaluations,time_sec,tuning_time_sec,tuning_evaluations,expression,materialized_expression,simplified_expression,coefficients,algorithm_params,tuned_params,test_ratio
imcts,Livermore,1,Livermore-1,expression,0,23654,2000,1000,1000,1,"[""x0""]",1/3 + x[0] + sin(x[0]**2),0.9999997019767761,True,1.0,1.0,7.0,45201,1.787091736041475,0.0,0,x0 / (x0 + x0 / x0 * (x0 + x0)) + sin(x0 * x0) + x0,x0 / (x0 + x0 / x0 * (x0 + x0)) + sin(x0 * x0) + x0,x0 + sin(x0**2) + 1/3,[],"{""K"": 500, ""c"": 6.0, ""exploration_rate"": 0.1, ""gamma"": 0.5, ""gp_rate"": 0.5, ""lm_iterations"": 10, ""max_constants"": 999, ""max_depth"": 6, ""max_evals"": 2000000, ""max_unary"": 999, ""mutation_rate"": 0.1, ""ops"": [""+"", ""-"", ""*"", ""/"", ""sin"", ""cos"", ""exp"", ""log""], ""succ_error_tol"": 1e-06}","{""K"": 500, ""c"": 6.0, ""exploration_rate"": 0.1, ""gamma"": 0.5, ""gp_rate"": 0.5, ""lm_iterations"": 10, ""max_constants"": 999, ""max_depth"": 6, ""max_evals"": 2000000, ""max_unary"": 999, ""mutation_rate"": 0.1, ""ops"": [""+"", ""-"", ""*"", ""/"", ""sin"", ""cos"", ""exp"", ""log""], ""succ_error_tol"": 1e-06}",0.5
imcts,Livermore,1,Livermore-1,expression,1,15795,2000,1000,1000,1,"[""x0""]",1/3 + x[0] + sin(x[0]**2),0.9999997019767761,True,1.0,1.0,7.0,73510,2.9392123979632743,0.0,0,x0 / (x0 + x0 + x0) + x0 + sin(x0 * x0),x0 / (x0 + x0 + x0) + x0 + sin(x0 * x0),x0 + sin(x0**2) + 1/3,[],"{""K"": 500, ""c"": 6.0, ""exploration_rate"": 0.1, ""gamma"": 0.5, ""gp_rate"": 0.5, ""lm_iterations"": 10, ""max_constants"": 999, ""max_depth"": 6, ""max_evals"": 2000000, ""max_unary"": 999, ""mutation_rate"": 0.1, ""ops"": [""+"", ""-"", ""*"", ""/"", ""sin"", ""cos"", ""exp"", ""log""], ""succ_error_tol"": 1e-06}","{""K"": 500, ""c"": 6.0, ""exploration_rate"": 0.1, ""gamma"": 0.5, ""gp_rate"": 0.5, ""lm_iterations"": 10, ""max_constants"": 999, ""max_depth"": 6, ""max_evals"": 2000000, ""max_unary"": 999, ""mutation_rate"": 0.1, ""ops"": [""+"", ""-"", ""*"", ""/"", ""sin"", ""cos"", ""exp"", ""log""], ""succ_error_tol"": 1e-06}",0.5
imcts,Livermore,1,Livermore-1,expression,2,860,2000,1000,1000,1,"[""x0""]",1/3 + x[0] + sin(x[0]**2),0.9999997019767761,True,1.0,1.0,7.0,41115,1.6397312699700706,0.0,0,x0 / (x0 + x0 + x0) + x0 + sin(x0 * x0),x0 / (x0 + x0 + x0) + x0 + sin(x0 * x0),x0 + sin(x0**2) + 1/3,[],"{""K"": 500, ""c"": 6.0, ""exploration_rate"": 0.1, ""gamma"": 0.5, ""gp_rate"": 0.5, ""lm_iterations"": 10, ""max_constants"": 999, ""max_depth"": 6, ""max_evals"": 2000000, ""max_unary"": 999, ""mutation_rate"": 0.1, ""ops"": [""+"", ""-"", ""*"", ""/"", ""sin"", ""cos"", ""exp"", ""log""], ""succ_error_tol"": 1e-06}","{""K"": 500, ""c"": 6.0, ""exploration_rate"": 0.1, ""gamma"": 0.5, ""gp_rate"": 0.5, ""lm_iterations"": 10, ""max_constants"": 999, ""max_depth"": 6, ""max_evals"": 2000000, ""max_unary"": 999, ""mutation_rate"": 0.1, ""ops"": [""+"", ""-"", ""*"", ""/"", ""sin"", ""cos"", ""exp"", ""log""], ""succ_error_tol"": 1e-06}",0.5
imcts,Livermore,1,Livermore-1,expression,3,5390,2000,1000,1000,1,"[""x0""]",1/3 + x[0] + sin(x[0]**2),0.9999997019767761,True,1.0,1.0,7.0,58676,2.2995253239641897,0.0,0,x0 + sin(x0 * x0) + x0 / (x0 + x0 + x0),x0 + sin(x0 * x0) + x0 / (x0 + x0 + x0),x0 + sin(x0**2) + 1/3,[],"{""K"": 500, ""c"": 6.0, ""exploration_rate"": 0.1, ""gamma"": 0.5, ""gp_rate"": 0.5, ""lm_iterations"": 10, ""max_constants"": 999, ""max_depth"": 6, ""max_evals"": 2000000, ""max_unary"": 999, ""mutation_rate"": 0.1, ""ops"": [""+"", ""-"", ""*"", ""/"", ""sin"", ""cos"", ""exp"", ""log""], ""succ_error_tol"": 1e-06}","{""K"": 500, ""c"": 6.0, ""exploration_rate"": 0.1, ""gamma"": 0.5, ""gp_rate"": 0.5, ""lm_iterations"": 10, ""max_constants"": 999, ""max_depth"": 6, ""max_evals"": 2000000, ""max_unary"": 999, ""mutation_rate"": 0.1, ""ops"": [""+"", ""-"", ""*"", ""/"", ""sin"", ""cos"", ""exp"", ""log""], ""succ_error_tol"": 1e-06}",0.5
imcts,Livermore,1,Livermore-1,expression,4,16850,2000,1000,1000,1,"[""x0""]",1/3 + x[0] + sin(x[0]**2),0.9999997019767761,True,1.0,1.0,7.0,110988,4.500957723997999,0.0,0,sin(x0 * x0) + x0 + x0 / (x0 + x0 + x0),sin(x0 * x0) + x0 + x0 / (x0 + x0 + x0),x0 + sin(x0**2) + 1/3,[],"{""K"": 500, ""c"": 6.0, ""exploration_rate"": 0.1, ""gamma"": 0.5, ""gp_rate"": 0.5, ""lm_iterations"": 10, ""max_constants"": 999, ""max_depth"": 6, ""max_evals"": 2000000, ""max_unary"": 999, ""mutation_rate"": 0.1, ""ops"": [""+"", ""-"", ""*"", ""/"", ""sin"", ""cos"", ""exp"", ""log""], ""succ_error_tol"": 1e-06}","{""K"": 500, ""c"": 6.0, ""exploration_rate"": 0.1, ""gamma"": 0.5, ""gp_rate"": 0.5, ""lm_iterations"": 10, ""max_constants"": 999, ""max_depth"": 6, ""max_evals"": 2000000, ""max_unary"": 999, ""mutation_rate"": 0.1, ""ops"": [""+"", ""-"", ""*"", ""/"", ""sin"", ""cos"", ""exp"", ""log""], ""succ_error_tol"": 1e-06}",0.5
imcts,Livermore,1,Livermore-1,expression,5,29910,2000,1000,1000,1,"[""x0""]",1/3 + x[0] + sin(x[0]**2),0.9999997019767761,True,1.0,1.0,7.0,102617,4.309288377990015,0.0,0,x0 + sin(x0 * x0) + x0 / (x0 + x0 + x0),x0 + sin(x0 * x0) + x0 / (x0 + x0 + x0),x0 + sin(x0**2) + 1/3,[],"{""K"": 500, ""c"": 6.0, ""exploration_rate"": 0.1, ""gamma"": 0.5, ""gp_rate"": 0.5, ""lm_iterations"": 10, ""max_constants"": 999, ""max_depth"": 6, ""max_evals"": 2000000, ""max_unary"": 999, ""mutation_rate"": 0.1, ""ops"": [""+"", ""-"", ""*"", ""/"", ""sin"", ""cos"", ""exp"", ""log""], ""succ_error_tol"": 1e-06}","{""K"": 500, ""c"": 6.0, ""exploration_rate"": 0.1, ""gamma"": 0.5, ""gp_rate"": 0.5, ""lm_iterations"": 10, ""max_constants"": 999, ""max_depth"": 6, ""max_evals"": 2000000, ""max_unary"": 999, ""mutation_rate"": 0.1, ""ops"": [""+"", ""-"", ""*"", ""/"", ""sin"", ""cos"", ""exp"", ""log""], ""succ_error_tol"": 1e-06}",0.5
imcts,Livermore,1,Livermore-1,expression,6,4426,2000,1000,1000,1,"[""x0""]",1/3 + x[0] + sin(x[0]**2),0.9999996423721313,True,1.0,1.0,7.0,34457,1.3311378139769658,0.0,0,x0 / (x0 + x0 + x0) + x0 + sin(x0 * x0 - (x0 - x0)),x0 / (x0 + x0 + x0) + x0 + sin(x0 * x0 - (x0 - x0)),x0 + sin(x0**2) + 1/3,[],"{""K"": 500, ""c"": 6.0, ""exploration_rate"": 0.1, ""gamma"": 0.5, ""gp_rate"": 0.5, ""lm_iterations"": 10, ""max_constants"": 999, ""max_depth"": 6, ""max_evals"": 2000000, ""max_unary"": 999, ""mutation_rate"": 0.1, ""ops"": [""+"", ""-"", ""*"", ""/"", ""sin"", ""cos"", ""exp"", ""log""], ""succ_error_tol"": 1e-06}","{""K"": 500, ""c"": 6.0, ""exploration_rate"": 0.1, ""gamma"": 0.5, ""gp_rate"": 0.5, ""lm_iterations"": 10, ""max_constants"": 999, ""max_depth"": 6, ""max_evals"": 2000000, ""max_unary"": 999, ""mutation_rate"": 0.1, ""ops"": [""+"", ""-"", ""*"", ""/"", ""sin"", ""cos"", ""exp"", ""log""], ""succ_error_tol"": 1e-06}",0.5
imcts,Livermore,1,Livermore-1,expression,7,21962,2000,1000,1000,1,"[""x0""]",1/3 + x[0] + sin(x[0]**2),0.9999997019767761,True,1.0,1.0,7.0,97413,3.938427574990783,0.0,0,sin(x0 * x0) + x0 + x0 / (x0 + x0 + x0),sin(x0 * x0) + x0 + x0 / (x0 + x0 + x0),x0 + sin(x0**2) + 1/3,[],"{""K"": 500, ""c"": 6.0, ""exploration_rate"": 0.1, ""gamma"": 0.5, ""gp_rate"": 0.5, ""lm_iterations"": 10, ""max_constants"": 999, ""max_depth"": 6, ""max_evals"": 2000000, ""max_unary"": 999, ""mutation_rate"": 0.1, ""ops"": [""+"", ""-"", ""*"", ""/"", ""sin"", ""cos"", ""exp"", ""log""], ""succ_error_tol"": 1e-06}","{""K"": 500, ""c"": 6.0, ""exploration_rate"": 0.1, ""gamma"": 0.5, ""gp_rate"": 0.5, ""lm_iterations"": 10, ""max_constants"": 999, ""max_depth"": 6, ""max_evals"": 2000000, ""max_unary"": 999, ""mutation_rate"": 0.1, ""ops"": [""+"", ""-"", ""*"", ""/"", ""sin"", ""cos"", ""exp"", ""log""], ""succ_error_tol"": 1e-06}",0.5
imcts,Livermore,1,Livermore-1,expression,8,14423,2000,1000,1000,1,"[""x0""]",1/3 + x[0] + sin(x[0]**2),0.9999997019767761,True,1.0,1.0,7.0,34650,1.3536905879736878,0.0,0,sin(x0 * x0) + x0 + x0 / (x0 + x0 + x0),sin(x0 * x0) + x0 + x0 / (x0 + x0 + x0),x0 + sin(x0**2) + 1/3,[],"{""K"": 500, ""c"": 6.0, ""exploration_rate"": 0.1, ""gamma"": 0.5, ""gp_rate"": 0.5, ""lm_iterations"": 10, ""max_constants"": 999, ""max_depth"": 6, ""max_evals"": 2000000, ""max_unary"": 999, ""mutation_rate"": 0.1, ""ops"": [""+"", ""-"", ""*"", ""/"", ""sin"", ""cos"", ""exp"", ""log""], ""succ_error_tol"": 1e-06}","{""K"": 500, ""c"": 6.0, ""exploration_rate"": 0.1, ""gamma"": 0.5, ""gp_rate"": 0.5, ""lm_iterations"": 10, ""max_constants"": 999, ""max_depth"": 6, ""max_evals"": 2000000, ""max_unary"": 999, ""mutation_rate"": 0.1, ""ops"": [""+"", ""-"", ""*"", ""/"", ""sin"", ""cos"", ""exp"", ""log""], ""succ_error_tol"": 1e-06}",0.5
imcts,Livermore,1,Livermore-1,expression,9,28020,2000,1000,1000,1,"[""x0""]",1/3 + x[0] + sin(x[0]**2),0.9999997019767761,True,1.0,1.0,7.0,70804,2.775463386962656,0.0,0,x0 / (x0 + x0 + x0) * x0 / x0 + x0 + sin(x0 * x0),x0 / (x0 + x0 + x0) * x0 / x0 + x0 + sin(x0 * x0),x0 + sin(x0**2) + 1/3,[],"{""K"": 500, ""c"": 6.0, ""exploration_rate"": 0.1, ""gamma"": 0.5, ""gp_rate"": 0.5, ""lm_iterations"": 10, ""max_constants"": 999, ""max_depth"": 6, ""max_evals"": 2000000, ""max_unary"": 999, ""mutation_rate"": 0.1, ""ops"": [""+"", ""-"", ""*"", ""/"", ""sin"", ""cos"", ""exp"", ""log""], ""succ_error_tol"": 1e-06}","{""K"": 500, ""c"": 6.0, ""exploration_rate"": 0.1, ""gamma"": 0.5, ""gp_rate"": 0.5, ""lm_iterations"": 10, ""max_constants"": 999, ""max_depth"": 6, ""max_evals"": 2000000, ""max_unary"": 999, ""mutation_rate"": 0.1, ""ops"": [""+"", ""-"", ""*"", ""/"", ""sin"", ""cos"", ""exp"", ""log""], ""succ_error_tol"": 1e-06}",0.5
imcts,Livermore,1,Livermore-1,expression,10,29802,2000,1000,1000,1,"[""x0""]",1/3 + x[0] + sin(x[0]**2),0.9999997019767761,True,1.0,1.0,7.0,62152,2.5148408300010487,0.0,0,sin(x0 * x0 + x0 - x0) + x0 + x0 * x0 / x0 / (x0 + x0 + x0),sin(x0 * x0 + x0 - x0) + x0 + x0 * x0 / x0 / (x0 + x0 + x0),x0 + sin(x0**2) + 1/3,[],"{""K"": 500, ""c"": 6.0, ""exploration_rate"": 0.1, ""gamma"": 0.5, ""gp_rate"": 0.5, ""lm_iterations"": 10, ""max_constants"": 999, ""max_depth"": 6, ""max_evals"": 2000000, ""max_unary"": 999, ""mutation_rate"": 0.1, ""ops"": [""+"", ""-"", ""*"", ""/"", ""sin"", ""cos"", ""exp"", ""log""], ""succ_error_tol"": 1e-06}","{""K"": 500, ""c"": 6.0, ""exploration_rate"": 0.1, ""gamma"": 0.5, ""gp_rate"": 0.5, ""lm_iterations"": 10, ""max_constants"": 999, ""max_depth"": 6, ""max_evals"": 2000000, ""max_unary"": 999, ""mutation_rate"": 0.1, ""ops"": [""+"", ""-"", ""*"", ""/"", ""sin"", ""cos"", ""exp"", ""log""], ""succ_error_tol"": 1e-06}",0.5
imcts,Livermore,1,Livermore-1,expression,11,21575,2000,1000,1000,1,"[""x0""]",1/3 + x[0] + sin(x[0]**2),0.9999997019767761,True,1.0,1.0,7.0,78106,3.1273975030053407,0.0,0,sin(x0 - x0 + x0 * x0) + (x0 + x0 - x0) / (x0 + x0 + x0) + x0,sin(x0 - x0 + x0 * x0) + (x0 + x0 - x0) / (x0 + x0 + x0) + x0,x0 + sin(x0**2) + 1/3,[],"{""K"": 500, ""c"": 6.0, ""exploration_rate"": 0.1, ""gamma"": 0.5, ""gp_rate"": 0.5, ""lm_iterations"": 10, ""max_constants"": 999, ""max_depth"": 6, ""max_evals"": 2000000, ""max_unary"": 999, ""mutation_rate"": 0.1, ""ops"": [""+"", ""-"", ""*"", ""/"", ""sin"", ""cos"", ""exp"", ""log""], ""succ_error_tol"": 1e-06}","{""K"": 500, ""c"": 6.0, ""exploration_rate"": 0.1, ""gamma"": 0.5, ""gp_rate"": 0.5, ""lm_iterations"": 10, ""max_constants"": 999, ""max_depth"": 6, ""max_evals"": 2000000, ""max_unary"": 999, ""mutation_rate"": 0.1, ""ops"": [""+"", ""-"", ""*"", ""/"", ""sin"", ""cos"", ""exp"", ""log""], ""succ_error_tol"": 1e-06}",0.5
imcts,Livermore,1,Livermore-1,expression,12,11964,2000,1000,1000,1,"[""x0""]",1/3 + x[0] + sin(x[0]**2),0.9999997019767761,True,1.0,1.0,7.0,86157,3.4161151190055534,0.0,0,x0 + sin(x0 * x0) + x0 / (x0 + x0 + x0),x0 + sin(x0 * x0) + x0 / (x0 + x0 + x0),x0 + sin(x0**2) + 1/3,[],"{""K"": 500, ""c"": 6.0, ""exploration_rate"": 0.1, ""gamma"": 0.5, ""gp_rate"": 0.5, ""lm_iterations"": 10, ""max_constants"": 999, ""max_depth"": 6, ""max_evals"": 2000000, ""max_unary"": 999, ""mutation_rate"": 0.1, ""ops"": [""+"", ""-"", ""*"", ""/"", ""sin"", ""cos"", ""exp"", ""log""], ""succ_error_tol"": 1e-06}","{""K"": 500, ""c"": 6.0, ""exploration_rate"": 0.1, ""gamma"": 0.5, ""gp_rate"": 0.5, ""lm_iterations"": 10, ""max_constants"": 999, ""max_depth"": 6, ""max_evals"": 2000000, ""max_unary"": 999, ""mutation_rate"": 0.1, ""ops"": [""+"", ""-"", ""*"", ""/"", ""sin"", ""cos"", ""exp"", ""log""], ""succ_error_tol"": 1e-06}",0.5
imcts,Livermore,1,Livermore-1,expression,13,11284,2000,1000,1000,1,"[""x0""]",1/3 + x[0] + sin(x[0]**2),0.9999997019767761,True,1.0,1.0,7.0,64026,2.4475715099833906,0.0,0,sin(x0 * x0) + x0 + x0 / (x0 + x0 + x0),sin(x0 * x0) + x0 + x0 / (x0 + x0 + x0),x0 + sin(x0**2) + 1/3,[],"{""K"": 500, ""c"": 6.0, ""exploration_rate"": 0.1, ""gamma"": 0.5, ""gp_rate"": 0.5, ""lm_iterations"": 10, ""max_constants"": 999, ""max_depth"": 6, ""max_evals"": 2000000, ""max_unary"": 999, ""mutation_rate"": 0.1, ""ops"": [""+"", ""-"", ""*"", ""/"", ""sin"", ""cos"", ""exp"", ""log""], ""succ_error_tol"": 1e-06}","{""K"": 500, ""c"": 6.0, ""exploration_rate"": 0.1, ""gamma"": 0.5, ""gp_rate"": 0.5, ""lm_iterations"": 10, ""max_constants"": 999, ""max_depth"": 6, ""max_evals"": 2000000, ""max_unary"": 999, ""mutation_rate"": 0.1, ""ops"": [""+"", ""-"", ""*"", ""/"", ""sin"", ""cos"", ""exp"", ""log""], ""succ_error_tol"": 1e-06}",0.5
imcts,Livermore,1,Livermore-1,expression,14,22118,2000,1000,1000,1,"[""x0""]",1/3 + x[0] + sin(x[0]**2),0.9999997019767761,True,1.0,1.0,7.0,53744,2.1653783780056983,0.0,0,sin(x0 * x0) + x0 / (x0 + x0 + x0) + x0,sin(x0 * x0) + x0 / (x0 + x0 + x0) + x0,x0 + sin(x0**2) + 1/3,[],"{""K"": 500, ""c"": 6.0, ""exploration_rate"": 0.1, ""gamma"": 0.5, ""gp_rate"": 0.5, ""lm_iterations"": 10, ""max_constants"": 999, ""max_depth"": 6, ""max_evals"": 2000000, ""max_unary"": 999, ""mutation_rate"": 0.1, ""ops"": [""+"", ""-"", ""*"", ""/"", ""sin"", ""cos"", ""exp"", ""log""], ""succ_error_tol"": 1e-06}","{""K"": 500, ""c"": 6.0, ""exploration_rate"": 0.1, ""gamma"": 0.5, ""gp_rate"": 0.5, ""lm_iterations"": 10, ""max_constants"": 999, ""max_depth"": 6, ""max_evals"": 2000000, ""max_unary"": 999, ""mutation_rate"": 0.1, ""ops"": [""+"", ""-"", ""*"", ""/"", ""sin"", ""cos"", ""exp"", ""log""], ""succ_error_tol"": 1e-06}",0.5
imcts,Livermore,1,Livermore-1,expression,15,6265,2000,1000,1000,1,"[""x0""]",1/3 + x[0] + sin(x[0]**2),0.9999997019767761,True,1.0,1.0,7.0,63668,2.516800944984425,0.0,0,x0 + x0 / (x0 + x0 + x0) + sin(x0 * x0) * cos((x0 - x0) / (x0 * x0)),x0 + x0 / (x0 + x0 + x0) + sin(x0 * x0) * cos((x0 - x0) / (x0 * x0)),x0 + sin(x0**2) + 1/3,[],"{""K"": 500, ""c"": 6.0, ""exploration_rate"": 0.1, ""gamma"": 0.5, ""gp_rate"": 0.5, ""lm_iterations"": 10, ""max_constants"": 999, ""max_depth"": 6, ""max_evals"": 2000000, ""max_unary"": 999, ""mutation_rate"": 0.1, ""ops"": [""+"", ""-"", ""*"", ""/"", ""sin"", ""cos"", ""exp"", ""log""], ""succ_error_tol"": 1e-06}","{""K"": 500, ""c"": 6.0, ""exploration_rate"": 0.1, ""gamma"": 0.5, ""gp_rate"": 0.5, ""lm_iterations"": 10, ""max_constants"": 999, ""max_depth"": 6, ""max_evals"": 2000000, ""max_unary"": 999, ""mutation_rate"": 0.1, ""ops"": [""+"", ""-"", ""*"", ""/"", ""sin"", ""cos"", ""exp"", ""log""], ""succ_error_tol"": 1e-06}",0.5
imcts,Livermore,1,Livermore-1,expression,16,11363,2000,1000,1000,1,"[""x0""]",1/3 + x[0] + sin(x[0]**2),0.9999997019767761,True,1.0,1.0,7.0,49306,1.9032533359713852,0.0,0,x0 + sin(x0 * x0) + x0 / (x0 + x0 + x0),x0 + sin(x0 * x0) + x0 / (x0 + x0 + x0),x0 + sin(x0**2) + 1/3,[],"{""K"": 500, ""c"": 6.0, ""exploration_rate"": 0.1, ""gamma"": 0.5, ""gp_rate"": 0.5, ""lm_iterations"": 10, ""max_constants"": 999, ""max_depth"": 6, ""max_evals"": 2000000, ""max_unary"": 999, ""mutation_rate"": 0.1, ""ops"": [""+"", ""-"", ""*"", ""/"", ""sin"", ""cos"", ""exp"", ""log""], ""succ_error_tol"": 1e-06}","{""K"": 500, ""c"": 6.0, ""exploration_rate"": 0.1, ""gamma"": 0.5, ""gp_rate"": 0.5, ""lm_iterations"": 10, ""max_constants"": 999, ""max_depth"": 6, ""max_evals"": 2000000, ""max_unary"": 999, ""mutation_rate"": 0.1, ""ops"": [""+"", ""-"", ""*"", ""/"", ""sin"", ""cos"", ""exp"", ""log""], ""succ_error_tol"": 1e-06}",0.5
imcts,Livermore,1,Livermore-1,expression,17,27495,2000,1000,1000,1,"[""x0""]",1/3 + x[0] + sin(x[0]**2),0.9999997019767761,True,1.0,1.0,7.0,144645,5.953430599998683,0.0,0,x0 - (x0 - x0 - sin(x0 * x0)) + x0 / (x0 + x0 + x0),x0 - (x0 - x0 - sin(x0 * x0)) + x0 / (x0 + x0 + x0),x0 + sin(x0**2) + 1/3,[],"{""K"": 500, ""c"": 6.0, ""exploration_rate"": 0.1, ""gamma"": 0.5, ""gp_rate"": 0.5, ""lm_iterations"": 10, ""max_constants"": 999, ""max_depth"": 6, ""max_evals"": 2000000, ""max_unary"": 999, ""mutation_rate"": 0.1, ""ops"": [""+"", ""-"", ""*"", ""/"", ""sin"", ""cos"", ""exp"", ""log""], ""succ_error_tol"": 1e-06}","{""K"": 500, ""c"": 6.0, ""exploration_rate"": 0.1, ""gamma"": 0.5, ""gp_rate"": 0.5, ""lm_iterations"": 10, ""max_constants"": 999, ""max_depth"": 6, ""max_evals"": 2000000, ""max_unary"": 999, ""mutation_rate"": 0.1, ""ops"": [""+"", ""-"", ""*"", ""/"", ""sin"", ""cos"", ""exp"", ""log""], ""succ_error_tol"": 1e-06}",0.5
imcts,Livermore,1,Livermore-1,expression,18,16023,2000,1000,1000,1,"[""x0""]",1/3 + x[0] + sin(x[0]**2),0.9999997019767761,True,1.0,1.0,7.0,67062,2.626219998986926,0.0,0,x0 / (x0 + x0 + x0) + x0 + sin(x0 * x0),x0 / (x0 + x0 + x0) + x0 + sin(x0 * x0),x0 + sin(x0**2) + 1/3,[],"{""K"": 500, ""c"": 6.0, ""exploration_rate"": 0.1, ""gamma"": 0.5, ""gp_rate"": 0.5, ""lm_iterations"": 10, ""max_constants"": 999, ""max_depth"": 6, ""max_evals"": 2000000, ""max_unary"": 999, ""mutation_rate"": 0.1, ""ops"": [""+"", ""-"", ""*"", ""/"", ""sin"", ""cos"", ""exp"", ""log""], ""succ_error_tol"": 1e-06}","{""K"": 500, ""c"": 6.0, ""exploration_rate"": 0.1, ""gamma"": 0.5, ""gp_rate"": 0.5, ""lm_iterations"": 10, ""max_constants"": 999, ""max_depth"": 6, ""max_evals"": 2000000, ""max_unary"": 999, ""mutation_rate"": 0.1, ""ops"": [""+"", ""-"", ""*"", ""/"", ""sin"", ""cos"", ""exp"", ""log""], ""succ_error_tol"": 1e-06}",0.5
imcts,Livermore,1,Livermore-1,expression,19,8322,2000,1000,1000,1,"[""x0""]",1/3 + x[0] + sin(x[0]**2),0.9999997019767761,True,1.0,1.0,7.0,140197,5.9783075339510106,0.0,0,x0 / (x0 + x0 + x0) + x0 + sin(x0 * x0),x0 / (x0 + x0 + x0) + x0 + sin(x0 * x0),x0 + sin(x0**2) + 1/3,[],"{""K"": 500, ""c"": 6.0, ""exploration_rate"": 0.1, ""gamma"": 0.5, ""gp_rate"": 0.5, ""lm_iterations"": 10, ""max_constants"": 999, ""max_depth"": 6, ""max_evals"": 2000000, ""max_unary"": 999, ""mutation_rate"": 0.1, ""ops"": [""+"", ""-"", ""*"", ""/"", ""sin"", ""cos"", ""exp"", ""log""], ""succ_error_tol"": 1e-06}","{""K"": 500, ""c"": 6.0, ""exploration_rate"": 0.1, ""gamma"": 0.5, ""gp_rate"": 0.5, ""lm_iterations"": 10, ""max_constants"": 999, ""max_depth"": 6, ""max_evals"": 2000000, ""max_unary"": 999, ""mutation_rate"": 0.1, ""ops"": [""+"", ""-"", ""*"", ""/"", ""sin"", ""cos"", ""exp"", ""log""], ""succ_error_tol"": 1e-06}",0.5
imcts,Livermore,1,Livermore-1,expression,20,1685,2000,1000,1000,1,"[""x0""]",1/3 + x[0] + sin(x[0]**2),0.9999997019767761,True,1.0,1.0,7.0,126085,5.21076816302957,0.0,0,sin(x0 * x0) + x0 + x0 / (x0 + x0 + x0),sin(x0 * x0) + x0 + x0 / (x0 + x0 + x0),x0 + sin(x0**2) + 1/3,[],"{""K"": 500, ""c"": 6.0, ""exploration_rate"": 0.1, ""gamma"": 0.5, ""gp_rate"": 0.5, ""lm_iterations"": 10, ""max_constants"": 999, ""max_depth"": 6, ""max_evals"": 2000000, ""max_unary"": 999, ""mutation_rate"": 0.1, ""ops"": [""+"", ""-"", ""*"", ""/"", ""sin"", ""cos"", ""exp"", ""log""], ""succ_error_tol"": 1e-06}","{""K"": 500, ""c"": 6.0, ""exploration_rate"": 0.1, ""gamma"": 0.5, ""gp_rate"": 0.5, ""lm_iterations"": 10, ""max_constants"": 999, ""max_depth"": 6, ""max_evals"": 2000000, ""max_unary"": 999, ""mutation_rate"": 0.1, ""ops"": [""+"", ""-"", ""*"", ""/"", ""sin"", ""cos"", ""exp"", ""log""], ""succ_error_tol"": 1e-06}",0.5
imcts,Livermore,1,Livermore-1,expression,21,32052,2000,1000,1000,1,"[""x0""]",1/3 + x[0] + sin(x[0]**2),0.9999997019767761,True,1.0,1.0,7.0,74764,2.9214492909959517,0.0,0,sin(x0 * x0) + x0 + x0 / (x0 + x0 + x0),sin(x0 * x0) + x0 + x0 / (x0 + x0 + x0),x0 + sin(x0**2) + 1/3,[],"{""K"": 500, ""c"": 6.0, ""exploration_rate"": 0.1, ""gamma"": 0.5, ""gp_rate"": 0.5, ""lm_iterations"": 10, ""max_constants"": 999, ""max_depth"": 6, ""max_evals"": 2000000, ""max_unary"": 999, ""mutation_rate"": 0.1, ""ops"": [""+"", ""-"", ""*"", ""/"", ""sin"", ""cos"", ""exp"", ""log""], ""succ_error_tol"": 1e-06}","{""K"": 500, ""c"": 6.0, ""exploration_rate"": 0.1, ""gamma"": 0.5, ""gp_rate"": 0.5, ""lm_iterations"": 10, ""max_constants"": 999, ""max_depth"": 6, ""max_evals"": 2000000, ""max_unary"": 999, ""mutation_rate"": 0.1, ""ops"": [""+"", ""-"", ""*"", ""/"", ""sin"", ""cos"", ""exp"", ""log""], ""succ_error_tol"": 1e-06}",0.5
imcts,Livermore,1,Livermore-1,expression,22,769,2000,1000,1000,1,"[""x0""]",1/3 + x[0] + sin(x[0]**2),0.9999997019767761,True,1.0,1.0,7.0,51865,2.0297222629887983,0.0,0,sin(x0 * x0) + x0 / (x0 + x0 + x0) + x0,sin(x0 * x0) + x0 / (x0 + x0 + x0) + x0,x0 + sin(x0**2) + 1/3,[],"{""K"": 500, ""c"": 6.0, ""exploration_rate"": 0.1, ""gamma"": 0.5, ""gp_rate"": 0.5, ""lm_iterations"": 10, ""max_constants"": 999, ""max_depth"": 6, ""max_evals"": 2000000, ""max_unary"": 999, ""mutation_rate"": 0.1, ""ops"": [""+"", ""-"", ""*"", ""/"", ""sin"", ""cos"", ""exp"", ""log""], ""succ_error_tol"": 1e-06}","{""K"": 500, ""c"": 6.0, ""exploration_rate"": 0.1, ""gamma"": 0.5, ""gp_rate"": 0.5, ""lm_iterations"": 10, ""max_constants"": 999, ""max_depth"": 6, ""max_evals"": 2000000, ""max_unary"": 999, ""mutation_rate"": 0.1, ""ops"": [""+"", ""-"", ""*"", ""/"", ""sin"", ""cos"", ""exp"", ""log""], ""succ_error_tol"": 1e-06}",0.5
imcts,Livermore,1,Livermore-1,expression,23,26967,2000,1000,1000,1,"[""x0""]",1/3 + x[0] + sin(x[0]**2),0.9999997019767761,True,1.0,1.0,7.0,40756,1.625319362967275,0.0,0,x0 / (x0 + x0 + x0) + x0 + sin(x0 * x0),x0 / (x0 + x0 + x0) + x0 + sin(x0 * x0),x0 + sin(x0**2) + 1/3,[],"{""K"": 500, ""c"": 6.0, ""exploration_rate"": 0.1, ""gamma"": 0.5, ""gp_rate"": 0.5, ""lm_iterations"": 10, ""max_constants"": 999, ""max_depth"": 6, ""max_evals"": 2000000, ""max_unary"": 999, ""mutation_rate"": 0.1, ""ops"": [""+"", ""-"", ""*"", ""/"", ""sin"", ""cos"", ""exp"", ""log""], ""succ_error_tol"": 1e-06}","{""K"": 500, ""c"": 6.0, ""exploration_rate"": 0.1, ""gamma"": 0.5, ""gp_rate"": 0.5, ""lm_iterations"": 10, ""max_constants"": 999, ""max_depth"": 6, ""max_evals"": 2000000, ""max_unary"": 999, ""mutation_rate"": 0.1, ""ops"": [""+"", ""-"", ""*"", ""/"", ""sin"", ""cos"", ""exp"", ""log""], ""succ_error_tol"": 1e-06}",0.5
imcts,Livermore,1,Livermore-1,expression,24,30187,2000,1000,1000,1,"[""x0""]",1/3 + x[0] + sin(x[0]**2),0.9999997019767761,True,1.0,1.0,7.0,61381,2.3659836659790017,0.0,0,x0 / (x0 + x0 + x0) + sin(x0 * x0) - (x0 * x0 - x0 * x0) + x0,x0 / (x0 + x0 + x0) + sin(x0 * x0) - (x0 * x0 - x0 * x0) + x0,x0 + sin(x0**2) + 1/3,[],"{""K"": 500, ""c"": 6.0, ""exploration_rate"": 0.1, ""gamma"": 0.5, ""gp_rate"": 0.5, ""lm_iterations"": 10, ""max_constants"": 999, ""max_depth"": 6, ""max_evals"": 2000000, ""max_unary"": 999, ""mutation_rate"": 0.1, ""ops"": [""+"", ""-"", ""*"", ""/"", ""sin"", ""cos"", ""exp"", ""log""], ""succ_error_tol"": 1e-06}","{""K"": 500, ""c"": 6.0, ""exploration_rate"": 0.1, ""gamma"": 0.5, ""gp_rate"": 0.5, ""lm_iterations"": 10, ""max_constants"": 999, ""max_depth"": 6, ""max_evals"": 2000000, ""max_unary"": 999, ""mutation_rate"": 0.1, ""ops"": [""+"", ""-"", ""*"", ""/"", ""sin"", ""cos"", ""exp"", ""log""], ""succ_error_tol"": 1e-06}",0.5
imcts,Livermore,1,Livermore-1,expression,25,32157,2000,1000,1000,1,"[""x0""]",1/3 + x[0] + sin(x[0]**2),0.9999997019767761,True,1.0,1.0,7.0,87727,3.4994896500138566,0.0,0,x0 / (x0 + x0 + x0) + x0 - (log(x0 / x0) - sin(x0 * x0)),x0 / (x0 + x0 + x0) + x0 - (log(x0 / x0) - sin(x0 * x0)),x0 + sin(x0**2) + 1/3,[],"{""K"": 500, ""c"": 6.0, ""exploration_rate"": 0.1, ""gamma"": 0.5, ""gp_rate"": 0.5, ""lm_iterations"": 10, ""max_constants"": 999, ""max_depth"": 6, ""max_evals"": 2000000, ""max_unary"": 999, ""mutation_rate"": 0.1, ""ops"": [""+"", ""-"", ""*"", ""/"", ""sin"", ""cos"", ""exp"", ""log""], ""succ_error_tol"": 1e-06}","{""K"": 500, ""c"": 6.0, ""exploration_rate"": 0.1, ""gamma"": 0.5, ""gp_rate"": 0.5, ""lm_iterations"": 10, ""max_constants"": 999, ""max_depth"": 6, ""max_evals"": 2000000, ""max_unary"": 999, ""mutation_rate"": 0.1, ""ops"": [""+"", ""-"", ""*"", ""/"", ""sin"", ""cos"", ""exp"", ""log""], ""succ_error_tol"": 1e-06}",0.5
imcts,Livermore,1,Livermore-1,expression,26,23333,2000,1000,1000,1,"[""x0""]",1/3 + x[0] + sin(x[0]**2),0.9999997019767761,True,1.0,1.0,7.0,87722,3.3674400680465624,0.0,0,x0 + sin(x0 * x0) / (x0 / x0) + x0 / (x0 + x0 + x0),x0 + sin(x0 * x0) / (x0 / x0) + x0 / (x0 + x0 + x0),x0 + sin(x0**2) + 1/3,[],"{""K"": 500, ""c"": 6.0, ""exploration_rate"": 0.1, ""gamma"": 0.5, ""gp_rate"": 0.5, ""lm_iterations"": 10, ""max_constants"": 999, ""max_depth"": 6, ""max_evals"": 2000000, ""max_unary"": 999, ""mutation_rate"": 0.1, ""ops"": [""+"", ""-"", ""*"", ""/"", ""sin"", ""cos"", ""exp"", ""log""], ""succ_error_tol"": 1e-06}","{""K"": 500, ""c"": 6.0, ""exploration_rate"": 0.1, ""gamma"": 0.5, ""gp_rate"": 0.5, ""lm_iterations"": 10, ""max_constants"": 999, ""max_depth"": 6, ""max_evals"": 2000000, ""max_unary"": 999, ""mutation_rate"": 0.1, ""ops"": [""+"", ""-"", ""*"", ""/"", ""sin"", ""cos"", ""exp"", ""log""], ""succ_error_tol"": 1e-06}",0.5
imcts,Livermore,1,Livermore-1,expression,27,2433,2000,1000,1000,1,"[""x0""]",1/3 + x[0] + sin(x[0]**2),0.9999997019767761,True,1.0,1.0,7.0,77771,3.2016512470436282,0.0,0,x0 / (x0 + x0 + x0) + x0 + sin(x0 * x0),x0 / (x0 + x0 + x0) + x0 + sin(x0 * x0),x0 + sin(x0**2) + 1/3,[],"{""K"": 500, ""c"": 6.0, ""exploration_rate"": 0.1, ""gamma"": 0.5, ""gp_rate"": 0.5, ""lm_iterations"": 10, ""max_constants"": 999, ""max_depth"": 6, ""max_evals"": 2000000, ""max_unary"": 999, ""mutation_rate"": 0.1, ""ops"": [""+"", ""-"", ""*"", ""/"", ""sin"", ""cos"", ""exp"", ""log""], ""succ_error_tol"": 1e-06}","{""K"": 500, ""c"": 6.0, ""exploration_rate"": 0.1, ""gamma"": 0.5, ""gp_rate"": 0.5, ""lm_iterations"": 10, ""max_constants"": 999, ""max_depth"": 6, ""max_evals"": 2000000, ""max_unary"": 999, ""mutation_rate"": 0.1, ""ops"": [""+"", ""-"", ""*"", ""/"", ""sin"", ""cos"", ""exp"", ""log""], ""succ_error_tol"": 1e-06}",0.5
imcts,Livermore,1,Livermore-1,expression,28,5311,2000,1000,1000,1,"[""x0""]",1/3 + x[0] + sin(x[0]**2),0.9999997019767761,True,1.0,1.0,7.0,78007,2.9842828279943205,0.0,0,x0 + sin(x0 * x0) + x0 / (x0 + x0 + x0),x0 + sin(x0 * x0) + x0 / (x0 + x0 + x0),x0 + sin(x0**2) + 1/3,[],"{""K"": 500, ""c"": 6.0, ""exploration_rate"": 0.1, ""gamma"": 0.5, ""gp_rate"": 0.5, ""lm_iterations"": 10, ""max_constants"": 999, ""max_depth"": 6, ""max_evals"": 2000000, ""max_unary"": 999, ""mutation_rate"": 0.1, ""ops"": [""+"", ""-"", ""*"", ""/"", ""sin"", ""cos"", ""exp"", ""log""], ""succ_error_tol"": 1e-06}","{""K"": 500, ""c"": 6.0, ""exploration_rate"": 0.1, ""gamma"": 0.5, ""gp_rate"": 0.5, ""lm_iterations"": 10, ""max_constants"": 999, ""max_depth"": 6, ""max_evals"": 2000000, ""max_unary"": 999, ""mutation_rate"": 0.1, ""ops"": [""+"", ""-"", ""*"", ""/"", ""sin"", ""cos"", ""exp"", ""log""], ""succ_error_tol"": 1e-06}",0.5
imcts,Livermore,1,Livermore-1,expression,29,5051,2000,1000,1000,1,"[""x0""]",1/3 + x[0] + sin(x[0]**2),0.9999997019767761,True,1.0,1.0,7.0,60646,2.4055471979663707,0.0,0,sin(x0 * x0) + x0 + x0 / (x0 + x0 + x0),sin(x0 * x0) + x0 + x0 / (x0 + x0 + x0),x0 + sin(x0**2) + 1/3,[],"{""K"": 500, ""c"": 6.0, ""exploration_rate"": 0.1, ""gamma"": 0.5, ""gp_rate"": 0.5, ""lm_iterations"": 10, ""max_constants"": 999, ""max_depth"": 6, ""max_evals"": 2000000, ""max_unary"": 999, ""mutation_rate"": 0.1, ""ops"": [""+"", ""-"", ""*"", ""/"", ""sin"", ""cos"", ""exp"", ""log""], ""succ_error_tol"": 1e-06}","{""K"": 500, ""c"": 6.0, ""exploration_rate"": 0.1, ""gamma"": 0.5, ""gp_rate"": 0.5, ""lm_iterations"": 10, ""max_constants"": 999, ""max_depth"": 6, ""max_evals"": 2000000, ""max_unary"": 999, ""mutation_rate"": 0.1, ""ops"": [""+"", ""-"", ""*"", ""/"", ""sin"", ""cos"", ""exp"", ""log""], ""succ_error_tol"": 1e-06}",0.5
imcts,Livermore,1,Livermore-1,expression,30,6420,2000,1000,1000,1,"[""x0""]",1/3 + x[0] + sin(x[0]**2),0.9999997019767761,True,1.0,1.0,7.0,76178,3.0733861189801246,0.0,0,x0 / (x0 + x0 + x0) + sin(x0 * x0) + x0,x0 / (x0 + x0 + x0) + sin(x0 * x0) + x0,x0 + sin(x0**2) + 1/3,[],"{""K"": 500, ""c"": 6.0, ""exploration_rate"": 0.1, ""gamma"": 0.5, ""gp_rate"": 0.5, ""lm_iterations"": 10, ""max_constants"": 999, ""max_depth"": 6, ""max_evals"": 2000000, ""max_unary"": 999, ""mutation_rate"": 0.1, ""ops"": [""+"", ""-"", ""*"", ""/"", ""sin"", ""cos"", ""exp"", ""log""], ""succ_error_tol"": 1e-06}","{""K"": 500, ""c"": 6.0, ""exploration_rate"": 0.1, ""gamma"": 0.5, ""gp_rate"": 0.5, ""lm_iterations"": 10, ""max_constants"": 999, ""max_depth"": 6, ""max_evals"": 2000000, ""max_unary"": 999, ""mutation_rate"": 0.1, ""ops"": [""+"", ""-"", ""*"", ""/"", ""sin"", ""cos"", ""exp"", ""log""], ""succ_error_tol"": 1e-06}",0.5
imcts,Livermore,1,Livermore-1,expression,31,17568,2000,1000,1000,1,"[""x0""]",1/3 + x[0] + sin(x[0]**2),0.9999997019767761,True,1.0,1.0,7.0,90362,3.7280602590180933,0.0,0,x0 + x0 / (x0 + x0 + x0) + sin(x0 * x0),x0 + x0 / (x0 + x0 + x0) + sin(x0 * x0),x0 + sin(x0**2) + 1/3,[],"{""K"": 500, ""c"": 6.0, ""exploration_rate"": 0.1, ""gamma"": 0.5, ""gp_rate"": 0.5, ""lm_iterations"": 10, ""max_constants"": 999, ""max_depth"": 6, ""max_evals"": 2000000, ""max_unary"": 999, ""mutation_rate"": 0.1, ""ops"": [""+"", ""-"", ""*"", ""/"", ""sin"", ""cos"", ""exp"", ""log""], ""succ_error_tol"": 1e-06}","{""K"": 500, ""c"": 6.0, ""exploration_rate"": 0.1, ""gamma"": 0.5, ""gp_rate"": 0.5, ""lm_iterations"": 10, ""max_constants"": 999, ""max_depth"": 6, ""max_evals"": 2000000, ""max_unary"": 999, ""mutation_rate"": 0.1, ""ops"": [""+"", ""-"", ""*"", ""/"", ""sin"", ""cos"", ""exp"", ""log""], ""succ_error_tol"": 1e-06}",0.5
imcts,Livermore,1,Livermore-1,expression,32,20939,2000,1000,1000,1,"[""x0""]",1/3 + x[0] + sin(x[0]**2),0.9999997019767761,True,1.0,1.0,7.0,67377,2.691836060024798,0.0,0,x0 + sin(x0 * x0) + x0 / (x0 + x0 + x0),x0 + sin(x0 * x0) + x0 / (x0 + x0 + x0),x0 + sin(x0**2) + 1/3,[],"{""K"": 500, ""c"": 6.0, ""exploration_rate"": 0.1, ""gamma"": 0.5, ""gp_rate"": 0.5, ""lm_iterations"": 10, ""max_constants"": 999, ""max_depth"": 6, ""max_evals"": 2000000, ""max_unary"": 999, ""mutation_rate"": 0.1, ""ops"": [""+"", ""-"", ""*"", ""/"", ""sin"", ""cos"", ""exp"", ""log""], ""succ_error_tol"": 1e-06}","{""K"": 500, ""c"": 6.0, ""exploration_rate"": 0.1, ""gamma"": 0.5, ""gp_rate"": 0.5, ""lm_iterations"": 10, ""max_constants"": 999, ""max_depth"": 6, ""max_evals"": 2000000, ""max_unary"": 999, ""mutation_rate"": 0.1, ""ops"": [""+"", ""-"", ""*"", ""/"", ""sin"", ""cos"", ""exp"", ""log""], ""succ_error_tol"": 1e-06}",0.5
imcts,Livermore,1,Livermore-1,expression,33,19769,2000,1000,1000,1,"[""x0""]",1/3 + x[0] + sin(x[0]**2),0.9999997019767761,True,1.0,1.0,7.0,71764,2.805108050990384,0.0,0,sin(x0 * x0) + x0 + x0 / (x0 + x0 + x0) - sin((x0 - x0) / (x0 * x0)),sin(x0 * x0) + x0 + x0 / (x0 + x0 + x0) - sin((x0 - x0) / (x0 * x0)),x0 + sin(x0**2) + 1/3,[],"{""K"": 500, ""c"": 6.0, ""exploration_rate"": 0.1, ""gamma"": 0.5, ""gp_rate"": 0.5, ""lm_iterations"": 10, ""max_constants"": 999, ""max_depth"": 6, ""max_evals"": 2000000, ""max_unary"": 999, ""mutation_rate"": 0.1, ""ops"": [""+"", ""-"", ""*"", ""/"", ""sin"", ""cos"", ""exp"", ""log""], ""succ_error_tol"": 1e-06}","{""K"": 500, ""c"": 6.0, ""exploration_rate"": 0.1, ""gamma"": 0.5, ""gp_rate"": 0.5, ""lm_iterations"": 10, ""max_constants"": 999, ""max_depth"": 6, ""max_evals"": 2000000, ""max_unary"": 999, ""mutation_rate"": 0.1, ""ops"": [""+"", ""-"", ""*"", ""/"", ""sin"", ""cos"", ""exp"", ""log""], ""succ_error_tol"": 1e-06}",0.5
imcts,Livermore,1,Livermore-1,expression,34,28693,2000,1000,1000,1,"[""x0""]",1/3 + x[0] + sin(x[0]**2),0.9999997019767761,True,1.0,1.0,7.0,97174,3.8153112690197304,0.0,0,x0 / (x0 + x0 + x0) / (x0 / x0) + sin(x0 * x0) + x0,x0 / (x0 + x0 + x0) / (x0 / x0) + sin(x0 * x0) + x0,x0 + sin(x0**2) + 1/3,[],"{""K"": 500, ""c"": 6.0, ""exploration_rate"": 0.1, ""gamma"": 0.5, ""gp_rate"": 0.5, ""lm_iterations"": 10, ""max_constants"": 999, ""max_depth"": 6, ""max_evals"": 2000000, ""max_unary"": 999, ""mutation_rate"": 0.1, ""ops"": [""+"", ""-"", ""*"", ""/"", ""sin"", ""cos"", ""exp"", ""log""], ""succ_error_tol"": 1e-06}","{""K"": 500, ""c"": 6.0, ""exploration_rate"": 0.1, ""gamma"": 0.5, ""gp_rate"": 0.5, ""lm_iterations"": 10, ""max_constants"": 999, ""max_depth"": 6, ""max_evals"": 2000000, ""max_unary"": 999, ""mutation_rate"": 0.1, ""ops"": [""+"", ""-"", ""*"", ""/"", ""sin"", ""cos"", ""exp"", ""log""], ""succ_error_tol"": 1e-06}",0.5
imcts,Livermore,1,Livermore-1,expression,35,6396,2000,1000,1000,1,"[""x0""]",1/3 + x[0] + sin(x[0]**2),0.9999996423721313,True,1.0,1.0,7.0,87123,3.3885264249984175,0.0,0,sin(x0 * x0) + x0 + x0 / (x0 + x0 + x0),sin(x0 * x0) + x0 + x0 / (x0 + x0 + x0),x0 + sin(x0**2) + 1/3,[],"{""K"": 500, ""c"": 6.0, ""exploration_rate"": 0.1, ""gamma"": 0.5, ""gp_rate"": 0.5, ""lm_iterations"": 10, ""max_constants"": 999, ""max_depth"": 6, ""max_evals"": 2000000, ""max_unary"": 999, ""mutation_rate"": 0.1, ""ops"": [""+"", ""-"", ""*"", ""/"", ""sin"", ""cos"", ""exp"", ""log""], ""succ_error_tol"": 1e-06}","{""K"": 500, ""c"": 6.0, ""exploration_rate"": 0.1, ""gamma"": 0.5, ""gp_rate"": 0.5, ""lm_iterations"": 10, ""max_constants"": 999, ""max_depth"": 6, ""max_evals"": 2000000, ""max_unary"": 999, ""mutation_rate"": 0.1, ""ops"": [""+"", ""-"", ""*"", ""/"", ""sin"", ""cos"", ""exp"", ""log""], ""succ_error_tol"": 1e-06}",0.5
imcts,Livermore,1,Livermore-1,expression,36,29419,2000,1000,1000,1,"[""x0""]",1/3 + x[0] + sin(x[0]**2),0.9999997019767761,True,1.0,1.0,7.0,53616,2.094314678979572,0.0,0,x0 / (x0 + x0 + x0) + sin(x0 * x0) + x0,x0 / (x0 + x0 + x0) + sin(x0 * x0) + x0,x0 + sin(x0**2) + 1/3,[],"{""K"": 500, ""c"": 6.0, ""exploration_rate"": 0.1, ""gamma"": 0.5, ""gp_rate"": 0.5, ""lm_iterations"": 10, ""max_constants"": 999, ""max_depth"": 6, ""max_evals"": 2000000, ""max_unary"": 999, ""mutation_rate"": 0.1, ""ops"": [""+"", ""-"", ""*"", ""/"", ""sin"", ""cos"", ""exp"", ""log""], ""succ_error_tol"": 1e-06}","{""K"": 500, ""c"": 6.0, ""exploration_rate"": 0.1, ""gamma"": 0.5, ""gp_rate"": 0.5, ""lm_iterations"": 10, ""max_constants"": 999, ""max_depth"": 6, ""max_evals"": 2000000, ""max_unary"": 999, ""mutation_rate"": 0.1, ""ops"": [""+"", ""-"", ""*"", ""/"", ""sin"", ""cos"", ""exp"", ""log""], ""succ_error_tol"": 1e-06}",0.5
imcts,Livermore,1,Livermore-1,expression,37,27480,2000,1000,1000,1,"[""x0""]",1/3 + x[0] + sin(x[0]**2),0.9999997019767761,True,1.0,1.0,7.0,60204,2.322473287000321,0.0,0,sin(x0 * x0) + x0 + x0 / x0 / ((x0 + x0 + x0) / x0),sin(x0 * x0) + x0 + x0 / x0 / ((x0 + x0 + x0) / x0),x0 + sin(x0**2) + 1/3,[],"{""K"": 500, ""c"": 6.0, ""exploration_rate"": 0.1, ""gamma"": 0.5, ""gp_rate"": 0.5, ""lm_iterations"": 10, ""max_constants"": 999, ""max_depth"": 6, ""max_evals"": 2000000, ""max_unary"": 999, ""mutation_rate"": 0.1, ""ops"": [""+"", ""-"", ""*"", ""/"", ""sin"", ""cos"", ""exp"", ""log""], ""succ_error_tol"": 1e-06}","{""K"": 500, ""c"": 6.0, ""exploration_rate"": 0.1, ""gamma"": 0.5, ""gp_rate"": 0.5, ""lm_iterations"": 10, ""max_constants"": 999, ""max_depth"": 6, ""max_evals"": 2000000, ""max_unary"": 999, ""mutation_rate"": 0.1, ""ops"": [""+"", ""-"", ""*"", ""/"", ""sin"", ""cos"", ""exp"", ""log""], ""succ_error_tol"": 1e-06}",0.5
imcts,Livermore,1,Livermore-1,expression,38,32304,2000,1000,1000,1,"[""x0""]",1/3 + x[0] + sin(x[0]**2),0.9999997019767761,True,1.0,1.0,7.0,34953,1.355986635957379,0.0,0,sin(x0 * x0) + x0 + x0 / (x0 + x0 + x0) + (x0 - x0) / x0,sin(x0 * x0) + x0 + x0 / (x0 + x0 + x0) + (x0 - x0) / x0,x0 + sin(x0**2) + 1/3,[],"{""K"": 500, ""c"": 6.0, ""exploration_rate"": 0.1, ""gamma"": 0.5, ""gp_rate"": 0.5, ""lm_iterations"": 10, ""max_constants"": 999, ""max_depth"": 6, ""max_evals"": 2000000, ""max_unary"": 999, ""mutation_rate"": 0.1, ""ops"": [""+"", ""-"", ""*"", ""/"", ""sin"", ""cos"", ""exp"", ""log""], ""succ_error_tol"": 1e-06}","{""K"": 500, ""c"": 6.0, ""exploration_rate"": 0.1, ""gamma"": 0.5, ""gp_rate"": 0.5, ""lm_iterations"": 10, ""max_constants"": 999, ""max_depth"": 6, ""max_evals"": 2000000, ""max_unary"": 999, ""mutation_rate"": 0.1, ""ops"": [""+"", ""-"", ""*"", ""/"", ""sin"", ""cos"", ""exp"", ""log""], ""succ_error_tol"": 1e-06}",0.5
imcts,Livermore,1,Livermore-1,expression,39,8666,2000,1000,1000,1,"[""x0""]",1/3 + x[0] + sin(x[0]**2),0.9999997019767761,True,1.0,1.0,7.0,28212,1.1333595979958773,0.0,0,x0 / (x0 + x0 + x0) + x0 + sin(x0 * x0),x0 / (x0 + x0 + x0) + x0 + sin(x0 * x0),x0 + sin(x0**2) + 1/3,[],"{""K"": 500, ""c"": 6.0, ""exploration_rate"": 0.1, ""gamma"": 0.5, ""gp_rate"": 0.5, ""lm_iterations"": 10, ""max_constants"": 999, ""max_depth"": 6, ""max_evals"": 2000000, ""max_unary"": 999, ""mutation_rate"": 0.1, ""ops"": [""+"", ""-"", ""*"", ""/"", ""sin"", ""cos"", ""exp"", ""log""], ""succ_error_tol"": 1e-06}","{""K"": 500, ""c"": 6.0, ""exploration_rate"": 0.1, ""gamma"": 0.5, ""gp_rate"": 0.5, ""lm_iterations"": 10, ""max_constants"": 999, ""max_depth"": 6, ""max_evals"": 2000000, ""max_unary"": 999, ""mutation_rate"": 0.1, ""ops"": [""+"", ""-"", ""*"", ""/"", ""sin"", ""cos"", ""exp"", ""log""], ""succ_error_tol"": 1e-06}",0.5
imcts,Livermore,1,Livermore-1,expression,40,25658,2000,1000,1000,1,"[""x0""]",1/3 + x[0] + sin(x[0]**2),0.9999997019767761,True,1.0,1.0,7.0,21070,0.8214629190042615,0.0,0,sin(x0 * x0) + x0 / (x0 + x0 + x0) + x0,sin(x0 * x0) + x0 / (x0 + x0 + x0) + x0,x0 + sin(x0**2) + 1/3,[],"{""K"": 500, ""c"": 6.0, ""exploration_rate"": 0.1, ""gamma"": 0.5, ""gp_rate"": 0.5, ""lm_iterations"": 10, ""max_constants"": 999, ""max_depth"": 6, ""max_evals"": 2000000, ""max_unary"": 999, ""mutation_rate"": 0.1, ""ops"": [""+"", ""-"", ""*"", ""/"", ""sin"", ""cos"", ""exp"", ""log""], ""succ_error_tol"": 1e-06}","{""K"": 500, ""c"": 6.0, ""exploration_rate"": 0.1, ""gamma"": 0.5, ""gp_rate"": 0.5, ""lm_iterations"": 10, ""max_constants"": 999, ""max_depth"": 6, ""max_evals"": 2000000, ""max_unary"": 999, ""mutation_rate"": 0.1, ""ops"": [""+"", ""-"", ""*"", ""/"", ""sin"", ""cos"", ""exp"", ""log""], ""succ_error_tol"": 1e-06}",0.5
imcts,Livermore,1,Livermore-1,expression,41,18942,2000,1000,1000,1,"[""x0""]",1/3 + x[0] + sin(x[0]**2),0.9999997019767761,True,1.0,1.0,7.0,88050,3.4356469300109893,0.0,0,sin(x0 * x0) + x0 + x0 / (x0 + x0 + x0),sin(x0 * x0) + x0 + x0 / (x0 + x0 + x0),x0 + sin(x0**2) + 1/3,[],"{""K"": 500, ""c"": 6.0, ""exploration_rate"": 0.1, ""gamma"": 0.5, ""gp_rate"": 0.5, ""lm_iterations"": 10, ""max_constants"": 999, ""max_depth"": 6, ""max_evals"": 2000000, ""max_unary"": 999, ""mutation_rate"": 0.1, ""ops"": [""+"", ""-"", ""*"", ""/"", ""sin"", ""cos"", ""exp"", ""log""], ""succ_error_tol"": 1e-06}","{""K"": 500, ""c"": 6.0, ""exploration_rate"": 0.1, ""gamma"": 0.5, ""gp_rate"": 0.5, ""lm_iterations"": 10, ""max_constants"": 999, ""max_depth"": 6, ""max_evals"": 2000000, ""max_unary"": 999, ""mutation_rate"": 0.1, ""ops"": [""+"", ""-"", ""*"", ""/"", ""sin"", ""cos"", ""exp"", ""log""], ""succ_error_tol"": 1e-06}",0.5
imcts,Livermore,1,Livermore-1,expression,42,24233,2000,1000,1000,1,"[""x0""]",1/3 + x[0] + sin(x[0]**2),0.9999997019767761,True,1.0,1.0,7.0,31644,1.2385372369899414,0.0,0,sin(x0 * x0) + x0 + x0 / (x0 + x0 + x0),sin(x0 * x0) + x0 + x0 / (x0 + x0 + x0),x0 + sin(x0**2) + 1/3,[],"{""K"": 500, ""c"": 6.0, ""exploration_rate"": 0.1, ""gamma"": 0.5, ""gp_rate"": 0.5, ""lm_iterations"": 10, ""max_constants"": 999, ""max_depth"": 6, ""max_evals"": 2000000, ""max_unary"": 999, ""mutation_rate"": 0.1, ""ops"": [""+"", ""-"", ""*"", ""/"", ""sin"", ""cos"", ""exp"", ""log""], ""succ_error_tol"": 1e-06}","{""K"": 500, ""c"": 6.0, ""exploration_rate"": 0.1, ""gamma"": 0.5, ""gp_rate"": 0.5, ""lm_iterations"": 10, ""max_constants"": 999, ""max_depth"": 6, ""max_evals"": 2000000, ""max_unary"": 999, ""mutation_rate"": 0.1, ""ops"": [""+"", ""-"", ""*"", ""/"", ""sin"", ""cos"", ""exp"", ""log""], ""succ_error_tol"": 1e-06}",0.5
imcts,Livermore,1,Livermore-1,expression,43,18431,2000,1000,1000,1,"[""x0""]",1/3 + x[0] + sin(x[0]**2),0.9999997019767761,True,1.0,1.0,7.0,57105,2.293282113969326,0.0,0,x0 + sin(x0 * x0) + x0 / (x0 - x0 + x0 + x0 + x0),x0 + sin(x0 * x0) + x0 / (x0 - x0 + x0 + x0 + x0),x0 + sin(x0**2) + 1/3,[],"{""K"": 500, ""c"": 6.0, ""exploration_rate"": 0.1, ""gamma"": 0.5, ""gp_rate"": 0.5, ""lm_iterations"": 10, ""max_constants"": 999, ""max_depth"": 6, ""max_evals"": 2000000, ""max_unary"": 999, ""mutation_rate"": 0.1, ""ops"": [""+"", ""-"", ""*"", ""/"", ""sin"", ""cos"", ""exp"", ""log""], ""succ_error_tol"": 1e-06}","{""K"": 500, ""c"": 6.0, ""exploration_rate"": 0.1, ""gamma"": 0.5, ""gp_rate"": 0.5, ""lm_iterations"": 10, ""max_constants"": 999, ""max_depth"": 6, ""max_evals"": 2000000, ""max_unary"": 999, ""mutation_rate"": 0.1, ""ops"": [""+"", ""-"", ""*"", ""/"", ""sin"", ""cos"", ""exp"", ""log""], ""succ_error_tol"": 1e-06}",0.5
imcts,Livermore,1,Livermore-1,expression,44,32219,2000,1000,1000,1,"[""x0""]",1/3 + x[0] + sin(x[0]**2),0.9999997019767761,True,1.0,1.0,7.0,36094,1.4217715919949114,0.0,0,x0 + sin(x0 * x0) + x0 / (x0 + x0 + x0),x0 + sin(x0 * x0) + x0 / (x0 + x0 + x0),x0 + sin(x0**2) + 1/3,[],"{""K"": 500, ""c"": 6.0, ""exploration_rate"": 0.1, ""gamma"": 0.5, ""gp_rate"": 0.5, ""lm_iterations"": 10, ""max_constants"": 999, ""max_depth"": 6, ""max_evals"": 2000000, ""max_unary"": 999, ""mutation_rate"": 0.1, ""ops"": [""+"", ""-"", ""*"", ""/"", ""sin"", ""cos"", ""exp"", ""log""], ""succ_error_tol"": 1e-06}","{""K"": 500, ""c"": 6.0, ""exploration_rate"": 0.1, ""gamma"": 0.5, ""gp_rate"": 0.5, ""lm_iterations"": 10, ""max_constants"": 999, ""max_depth"": 6, ""max_evals"": 2000000, ""max_unary"": 999, ""mutation_rate"": 0.1, ""ops"": [""+"", ""-"", ""*"", ""/"", ""sin"", ""cos"", ""exp"", ""log""], ""succ_error_tol"": 1e-06}",0.5
imcts,Livermore,1,Livermore-1,expression,45,2747,2000,1000,1000,1,"[""x0""]",1/3 + x[0] + sin(x[0]**2),0.9999997019767761,True,1.0,1.0,7.0,53776,2.117155243991874,0.0,0,sin(x0 * x0) + x0 + x0 / (x0 + x0 + x0),sin(x0 * x0) + x0 + x0 / (x0 + x0 + x0),x0 + sin(x0**2) + 1/3,[],"{""K"": 500, ""c"": 6.0, ""exploration_rate"": 0.1, ""gamma"": 0.5, ""gp_rate"": 0.5, ""lm_iterations"": 10, ""max_constants"": 999, ""max_depth"": 6, ""max_evals"": 2000000, ""max_unary"": 999, ""mutation_rate"": 0.1, ""ops"": [""+"", ""-"", ""*"", ""/"", ""sin"", ""cos"", ""exp"", ""log""], ""succ_error_tol"": 1e-06}","{""K"": 500, ""c"": 6.0, ""exploration_rate"": 0.1, ""gamma"": 0.5, ""gp_rate"": 0.5, ""lm_iterations"": 10, ""max_constants"": 999, ""max_depth"": 6, ""max_evals"": 2000000, ""max_unary"": 999, ""mutation_rate"": 0.1, ""ops"": [""+"", ""-"", ""*"", ""/"", ""sin"", ""cos"", ""exp"", ""log""], ""succ_error_tol"": 1e-06}",0.5
imcts,Livermore,1,Livermore-1,expression,46,25551,2000,1000,1000,1,"[""x0""]",1/3 + x[0] + sin(x[0]**2),0.9999997019767761,True,1.0,1.0,7.0,108911,4.3693408879917115,0.0,0,x0 / (x0 + x0 + x0) + sin(x0 * x0) + x0,x0 / (x0 + x0 + x0) + sin(x0 * x0) + x0,x0 + sin(x0**2) + 1/3,[],"{""K"": 500, ""c"": 6.0, ""exploration_rate"": 0.1, ""gamma"": 0.5, ""gp_rate"": 0.5, ""lm_iterations"": 10, ""max_constants"": 999, ""max_depth"": 6, ""max_evals"": 2000000, ""max_unary"": 999, ""mutation_rate"": 0.1, ""ops"": [""+"", ""-"", ""*"", ""/"", ""sin"", ""cos"", ""exp"", ""log""], ""succ_error_tol"": 1e-06}","{""K"": 500, ""c"": 6.0, ""exploration_rate"": 0.1, ""gamma"": 0.5, ""gp_rate"": 0.5, ""lm_iterations"": 10, ""max_constants"": 999, ""max_depth"": 6, ""max_evals"": 2000000, ""max_unary"": 999, ""mutation_rate"": 0.1, ""ops"": [""+"", ""-"", ""*"", ""/"", ""sin"", ""cos"", ""exp"", ""log""], ""succ_error_tol"": 1e-06}",0.5
imcts,Livermore,1,Livermore-1,expression,47,26382,2000,1000,1000,1,"[""x0""]",1/3 + x[0] + sin(x[0]**2),0.9999997019767761,True,1.0,1.0,7.0,46971,1.8609016049886122,0.0,0,sin(x0 * x0) + x0 / (x0 + x0 + x0) + x0,sin(x0 * x0) + x0 / (x0 + x0 + x0) + x0,x0 + sin(x0**2) + 1/3,[],"{""K"": 500, ""c"": 6.0, ""exploration_rate"": 0.1, ""gamma"": 0.5, ""gp_rate"": 0.5, ""lm_iterations"": 10, ""max_constants"": 999, ""max_depth"": 6, ""max_evals"": 2000000, ""max_unary"": 999, ""mutation_rate"": 0.1, ""ops"": [""+"", ""-"", ""*"", ""/"", ""sin"", ""cos"", ""exp"", ""log""], ""succ_error_tol"": 1e-06}","{""K"": 500, ""c"": 6.0, ""exploration_rate"": 0.1, ""gamma"": 0.5, ""gp_rate"": 0.5, ""lm_iterations"": 10, ""max_constants"": 999, ""max_depth"": 6, ""max_evals"": 2000000, ""max_unary"": 999, ""mutation_rate"": 0.1, ""ops"": [""+"", ""-"", ""*"", ""/"", ""sin"", ""cos"", ""exp"", ""log""], ""succ_error_tol"": 1e-06}",0.5
imcts,Livermore,1,Livermore-1,expression,48,189,2000,1000,1000,1,"[""x0""]",1/3 + x[0] + sin(x[0]**2),0.9999997019767761,True,1.0,1.0,7.0,76914,3.167104238003958,0.0,0,x0 + sin(x0 * x0) + x0 / (x0 + x0 + x0),x0 + sin(x0 * x0) + x0 / (x0 + x0 + x0),x0 + sin(x0**2) + 1/3,[],"{""K"": 500, ""c"": 6.0, ""exploration_rate"": 0.1, ""gamma"": 0.5, ""gp_rate"": 0.5, ""lm_iterations"": 10, ""max_constants"": 999, ""max_depth"": 6, ""max_evals"": 2000000, ""max_unary"": 999, ""mutation_rate"": 0.1, ""ops"": [""+"", ""-"", ""*"", ""/"", ""sin"", ""cos"", ""exp"", ""log""], ""succ_error_tol"": 1e-06}","{""K"": 500, ""c"": 6.0, ""exploration_rate"": 0.1, ""gamma"": 0.5, ""gp_rate"": 0.5, ""lm_iterations"": 10, ""max_constants"": 999, ""max_depth"": 6, ""max_evals"": 2000000, ""max_unary"": 999, ""mutation_rate"": 0.1, ""ops"": [""+"", ""-"", ""*"", ""/"", ""sin"", ""cos"", ""exp"", ""log""], ""succ_error_tol"": 1e-06}",0.5
imcts,Livermore,1,Livermore-1,expression,49,31677,2000,1000,1000,1,"[""x0""]",1/3 + x[0] + sin(x[0]**2),0.9999997019767761,True,1.0,1.0,7.0,63833,2.563906742958352,0.0,0,sin(x0 * x0) + x0 / (x0 + x0 + x0) + x0,sin(x0 * x0) + x0 / (x0 + x0 + x0) + x0,x0 + sin(x0**2) + 1/3,[],"{""K"": 500, ""c"": 6.0, ""exploration_rate"": 0.1, ""gamma"": 0.5, ""gp_rate"": 0.5, ""lm_iterations"": 10, ""max_constants"": 999, ""max_depth"": 6, ""max_evals"": 2000000, ""max_unary"": 999, ""mutation_rate"": 0.1, ""ops"": [""+"", ""-"", ""*"", ""/"", ""sin"", ""cos"", ""exp"", ""log""], ""succ_error_tol"": 1e-06}","{""K"": 500, ""c"": 6.0, ""exploration_rate"": 0.1, ""gamma"": 0.5, ""gp_rate"": 0.5, ""lm_iterations"": 10, ""max_constants"": 999, ""max_depth"": 6, ""max_evals"": 2000000, ""max_unary"": 999, ""mutation_rate"": 0.1, ""ops"": [""+"", ""-"", ""*"", ""/"", ""sin"", ""cos"", ""exp"", ""log""], ""succ_error_tol"": 1e-06}",0.5
imcts,Livermore,1,Livermore-1,expression,50,19118,2000,1000,1000,1,"[""x0""]",1/3 + x[0] + sin(x[0]**2),0.9999997019767761,True,1.0,1.0,7.0,54321,2.117552061972674,0.0,0,x0 + sin(x0 * x0) + x0 / (x0 + x0 + x0),x0 + sin(x0 * x0) + x0 / (x0 + x0 + x0),x0 + sin(x0**2) + 1/3,[],"{""K"": 500, ""c"": 6.0, ""exploration_rate"": 0.1, ""gamma"": 0.5, ""gp_rate"": 0.5, ""lm_iterations"": 10, ""max_constants"": 999, ""max_depth"": 6, ""max_evals"": 2000000, ""max_unary"": 999, ""mutation_rate"": 0.1, ""ops"": [""+"", ""-"", ""*"", ""/"", ""sin"", ""cos"", ""exp"", ""log""], ""succ_error_tol"": 1e-06}","{""K"": 500, ""c"": 6.0, ""exploration_rate"": 0.1, ""gamma"": 0.5, ""gp_rate"": 0.5, ""lm_iterations"": 10, ""max_constants"": 999, ""max_depth"": 6, ""max_evals"": 2000000, ""max_unary"": 999, ""mutation_rate"": 0.1, ""ops"": [""+"", ""-"", ""*"", ""/"", ""sin"", ""cos"", ""exp"", ""log""], ""succ_error_tol"": 1e-06}",0.5
imcts,Livermore,1,Livermore-1,expression,51,3005,2000,1000,1000,1,"[""x0""]",1/3 + x[0] + sin(x[0]**2),0.9999997019767761,True,1.0,1.0,7.0,103789,4.196126572962385,0.0,0,x0 / x0 / (x0 / x0 + x0 / x0 + x0 / x0) + x0 + sin(x0 * x0),x0 / x0 / (x0 / x0 + x0 / x0 + x0 / x0) + x0 + sin(x0 * x0),x0 + sin(x0**2) + 1/3,[],"{""K"": 500, ""c"": 6.0, ""exploration_rate"": 0.1, ""gamma"": 0.5, ""gp_rate"": 0.5, ""lm_iterations"": 10, ""max_constants"": 999, ""max_depth"": 6, ""max_evals"": 2000000, ""max_unary"": 999, ""mutation_rate"": 0.1, ""ops"": [""+"", ""-"", ""*"", ""/"", ""sin"", ""cos"", ""exp"", ""log""], ""succ_error_tol"": 1e-06}","{""K"": 500, ""c"": 6.0, ""exploration_rate"": 0.1, ""gamma"": 0.5, ""gp_rate"": 0.5, ""lm_iterations"": 10, ""max_constants"": 999, ""max_depth"": 6, ""max_evals"": 2000000, ""max_unary"": 999, ""mutation_rate"": 0.1, ""ops"": [""+"", ""-"", ""*"", ""/"", ""sin"", ""cos"", ""exp"", ""log""], ""succ_error_tol"": 1e-06}",0.5
imcts,Livermore,1,Livermore-1,expression,52,21042,2000,1000,1000,1,"[""x0""]",1/3 + x[0] + sin(x[0]**2),0.9999997019767761,True,1.0,1.0,7.0,104056,4.292667059984524,0.0,0,x0 / (x0 + x0 + x0) + sin(x0 * x0) * x0 / x0 + x0,x0 / (x0 + x0 + x0) + sin(x0 * x0) * x0 / x0 + x0,x0 + sin(x0**2) + 1/3,[],"{""K"": 500, ""c"": 6.0, ""exploration_rate"": 0.1, ""gamma"": 0.5, ""gp_rate"": 0.5, ""lm_iterations"": 10, ""max_constants"": 999, ""max_depth"": 6, ""max_evals"": 2000000, ""max_unary"": 999, ""mutation_rate"": 0.1, ""ops"": [""+"", ""-"", ""*"", ""/"", ""sin"", ""cos"", ""exp"", ""log""], ""succ_error_tol"": 1e-06}","{""K"": 500, ""c"": 6.0, ""exploration_rate"": 0.1, ""gamma"": 0.5, ""gp_rate"": 0.5, ""lm_iterations"": 10, ""max_constants"": 999, ""max_depth"": 6, ""max_evals"": 2000000, ""max_unary"": 999, ""mutation_rate"": 0.1, ""ops"": [""+"", ""-"", ""*"", ""/"", ""sin"", ""cos"", ""exp"", ""log""], ""succ_error_tol"": 1e-06}",0.5
imcts,Livermore,1,Livermore-1,expression,53,1899,2000,1000,1000,1,"[""x0""]",1/3 + x[0] + sin(x[0]**2),0.9999997019767761,True,1.0,1.0,7.0,79903,3.137944240006618,0.0,0,x0 + sin(x0 * x0 / (x0 / x0)) + x0 / (x0 + x0 + x0),x0 + sin(x0 * x0 / (x0 / x0)) + x0 / (x0 + x0 + x0),x0 + sin(x0**2) + 1/3,[],"{""K"": 500, ""c"": 6.0, ""exploration_rate"": 0.1, ""gamma"": 0.5, ""gp_rate"": 0.5, ""lm_iterations"": 10, ""max_constants"": 999, ""max_depth"": 6, ""max_evals"": 2000000, ""max_unary"": 999, ""mutation_rate"": 0.1, ""ops"": [""+"", ""-"", ""*"", ""/"", ""sin"", ""cos"", ""exp"", ""log""], ""succ_error_tol"": 1e-06}","{""K"": 500, ""c"": 6.0, ""exploration_rate"": 0.1, ""gamma"": 0.5, ""gp_rate"": 0.5, ""lm_iterations"": 10, ""max_constants"": 999, ""max_depth"": 6, ""max_evals"": 2000000, ""max_unary"": 999, ""mutation_rate"": 0.1, ""ops"": [""+"", ""-"", ""*"", ""/"", ""sin"", ""cos"", ""exp"", ""log""], ""succ_error_tol"": 1e-06}",0.5
imcts,Livermore,1,Livermore-1,expression,54,24118,2000,1000,1000,1,"[""x0""]",1/3 + x[0] + sin(x[0]**2),0.9999997019767761,True,1.0,1.0,7.0,118451,4.914863073965535,0.0,0,x0 / (x0 + x0 + x0) + x0 - (x0 - x0 - sin(x0 * x0)),x0 / (x0 + x0 + x0) + x0 - (x0 - x0 - sin(x0 * x0)),x0 + sin(x0**2) + 1/3,[],"{""K"": 500, ""c"": 6.0, ""exploration_rate"": 0.1, ""gamma"": 0.5, ""gp_rate"": 0.5, ""lm_iterations"": 10, ""max_constants"": 999, ""max_depth"": 6, ""max_evals"": 2000000, ""max_unary"": 999, ""mutation_rate"": 0.1, ""ops"": [""+"", ""-"", ""*"", ""/"", ""sin"", ""cos"", ""exp"", ""log""], ""succ_error_tol"": 1e-06}","{""K"": 500, ""c"": 6.0, ""exploration_rate"": 0.1, ""gamma"": 0.5, ""gp_rate"": 0.5, ""lm_iterations"": 10, ""max_constants"": 999, ""max_depth"": 6, ""max_evals"": 2000000, ""max_unary"": 999, ""mutation_rate"": 0.1, ""ops"": [""+"", ""-"", ""*"", ""/"", ""sin"", ""cos"", ""exp"", ""log""], ""succ_error_tol"": 1e-06}",0.5
imcts,Livermore,1,Livermore-1,expression,55,1267,2000,1000,1000,1,"[""x0""]",1/3 + x[0] + sin(x[0]**2),0.9999997019767761,True,1.0,1.0,7.0,118569,4.715490703994874,0.0,0,sin(x0 * x0) + x0 + x0 / (x0 + x0 + x0),sin(x0 * x0) + x0 + x0 / (x0 + x0 + x0),x0 + sin(x0**2) + 1/3,[],"{""K"": 500, ""c"": 6.0, ""exploration_rate"": 0.1, ""gamma"": 0.5, ""gp_rate"": 0.5, ""lm_iterations"": 10, ""max_constants"": 999, ""max_depth"": 6, ""max_evals"": 2000000, ""max_unary"": 999, ""mutation_rate"": 0.1, ""ops"": [""+"", ""-"", ""*"", ""/"", ""sin"", ""cos"", ""exp"", ""log""], ""succ_error_tol"": 1e-06}","{""K"": 500, ""c"": 6.0, ""exploration_rate"": 0.1, ""gamma"": 0.5, ""gp_rate"": 0.5, ""lm_iterations"": 10, ""max_constants"": 999, ""max_depth"": 6, ""max_evals"": 2000000, ""max_unary"": 999, ""mutation_rate"": 0.1, ""ops"": [""+"", ""-"", ""*"", ""/"", ""sin"", ""cos"", ""exp"", ""log""], ""succ_error_tol"": 1e-06}",0.5
imcts,Livermore,1,Livermore-1,expression,56,31551,2000,1000,1000,1,"[""x0""]",1/3 + x[0] + sin(x[0]**2),0.9999997019767761,True,1.0,1.0,7.0,162821,6.716582971042953,0.0,0,x0 + sin(x0 * x0) + x0 / (x0 + x0 + x0),x0 + sin(x0 * x0) + x0 / (x0 + x0 + x0),x0 + sin(x0**2) + 1/3,[],"{""K"": 500, ""c"": 6.0, ""exploration_rate"": 0.1, ""gamma"": 0.5, ""gp_rate"": 0.5, ""lm_iterations"": 10, ""max_constants"": 999, ""max_depth"": 6, ""max_evals"": 2000000, ""max_unary"": 999, ""mutation_rate"": 0.1, ""ops"": [""+"", ""-"", ""*"", ""/"", ""sin"", ""cos"", ""exp"", ""log""], ""succ_error_tol"": 1e-06}","{""K"": 500, ""c"": 6.0, ""exploration_rate"": 0.1, ""gamma"": 0.5, ""gp_rate"": 0.5, ""lm_iterations"": 10, ""max_constants"": 999, ""max_depth"": 6, ""max_evals"": 2000000, ""max_unary"": 999, ""mutation_rate"": 0.1, ""ops"": [""+"", ""-"", ""*"", ""/"", ""sin"", ""cos"", ""exp"", ""log""], ""succ_error_tol"": 1e-06}",0.5
imcts,Livermore,1,Livermore-1,expression,57,17912,2000,1000,1000,1,"[""x0""]",1/3 + x[0] + sin(x[0]**2),0.9999997019767761,True,1.0,1.0,7.0,43117,1.689809833012987,0.0,0,sin(x0 * x0) + x0 + x0 / (x0 / (x0 / x0) + x0 + x0),sin(x0 * x0) + x0 + x0 / (x0 / (x0 / x0) + x0 + x0),x0 + sin(x0**2) + 1/3,[],"{""K"": 500, ""c"": 6.0, ""exploration_rate"": 0.1, ""gamma"": 0.5, ""gp_rate"": 0.5, ""lm_iterations"": 10, ""max_constants"": 999, ""max_depth"": 6, ""max_evals"": 2000000, ""max_unary"": 999, ""mutation_rate"": 0.1, ""ops"": [""+"", ""-"", ""*"", ""/"", ""sin"", ""cos"", ""exp"", ""log""], ""succ_error_tol"": 1e-06}","{""K"": 500, ""c"": 6.0, ""exploration_rate"": 0.1, ""gamma"": 0.5, ""gp_rate"": 0.5, ""lm_iterations"": 10, ""max_constants"": 999, ""max_depth"": 6, ""max_evals"": 2000000, ""max_unary"": 999, ""mutation_rate"": 0.1, ""ops"": [""+"", ""-"", ""*"", ""/"", ""sin"", ""cos"", ""exp"", ""log""], ""succ_error_tol"": 1e-06}",0.5
imcts,Livermore,1,Livermore-1,expression,58,11394,2000,1000,1000,1,"[""x0""]",1/3 + x[0] + sin(x[0]**2),0.9999997019767761,True,1.0,1.0,7.0,79317,3.10372134501813,0.0,0,sin(x0 * x0) + x0 + x0 / (x0 + x0 + x0),sin(x0 * x0) + x0 + x0 / (x0 + x0 + x0),x0 + sin(x0**2) + 1/3,[],"{""K"": 500, ""c"": 6.0, ""exploration_rate"": 0.1, ""gamma"": 0.5, ""gp_rate"": 0.5, ""lm_iterations"": 10, ""max_constants"": 999, ""max_depth"": 6, ""max_evals"": 2000000, ""max_unary"": 999, ""mutation_rate"": 0.1, ""ops"": [""+"", ""-"", ""*"", ""/"", ""sin"", ""cos"", ""exp"", ""log""], ""succ_error_tol"": 1e-06}","{""K"": 500, ""c"": 6.0, ""exploration_rate"": 0.1, ""gamma"": 0.5, ""gp_rate"": 0.5, ""lm_iterations"": 10, ""max_constants"": 999, ""max_depth"": 6, ""max_evals"": 2000000, ""max_unary"": 999, ""mutation_rate"": 0.1, ""ops"": [""+"", ""-"", ""*"", ""/"", ""sin"", ""cos"", ""exp"", ""log""], ""succ_error_tol"": 1e-06}",0.5
imcts,Livermore,1,Livermore-1,expression,59,3556,2000,1000,1000,1,"[""x0""]",1/3 + x[0] + sin(x[0]**2),0.9999997019767761,True,1.0,1.0,7.0,114503,4.688953713979572,0.0,0,sin(x0 * x0) + x0 + x0 / (x0 + x0 + x0),sin(x0 * x0) + x0 + x0 / (x0 + x0 + x0),x0 + sin(x0**2) + 1/3,[],"{""K"": 500, ""c"": 6.0, ""exploration_rate"": 0.1, ""gamma"": 0.5, ""gp_rate"": 0.5, ""lm_iterations"": 10, ""max_constants"": 999, ""max_depth"": 6, ""max_evals"": 2000000, ""max_unary"": 999, ""mutation_rate"": 0.1, ""ops"": [""+"", ""-"", ""*"", ""/"", ""sin"", ""cos"", ""exp"", ""log""], ""succ_error_tol"": 1e-06}","{""K"": 500, ""c"": 6.0, ""exploration_rate"": 0.1, ""gamma"": 0.5, ""gp_rate"": 0.5, ""lm_iterations"": 10, ""max_constants"": 999, ""max_depth"": 6, ""max_evals"": 2000000, ""max_unary"": 999, ""mutation_rate"": 0.1, ""ops"": [""+"", ""-"", ""*"", ""/"", ""sin"", ""cos"", ""exp"", ""log""], ""succ_error_tol"": 1e-06}",0.5
imcts,Livermore,1,Livermore-1,expression,60,3890,2000,1000,1000,1,"[""x0""]",1/3 + x[0] + sin(x[0]**2),0.9999997019767761,True,1.0,1.0,7.0,95099,3.888188600016292,0.0,0,x0 / (x0 + x0 + x0) + x0 - sin(x0 - (x0 + x0 * x0)),x0 / (x0 + x0 + x0) + x0 - sin(x0 - (x0 + x0 * x0)),x0 + sin(x0**2) + 1/3,[],"{""K"": 500, ""c"": 6.0, ""exploration_rate"": 0.1, ""gamma"": 0.5, ""gp_rate"": 0.5, ""lm_iterations"": 10, ""max_constants"": 999, ""max_depth"": 6, ""max_evals"": 2000000, ""max_unary"": 999, ""mutation_rate"": 0.1, ""ops"": [""+"", ""-"", ""*"", ""/"", ""sin"", ""cos"", ""exp"", ""log""], ""succ_error_tol"": 1e-06}","{""K"": 500, ""c"": 6.0, ""exploration_rate"": 0.1, ""gamma"": 0.5, ""gp_rate"": 0.5, ""lm_iterations"": 10, ""max_constants"": 999, ""max_depth"": 6, ""max_evals"": 2000000, ""max_unary"": 999, ""mutation_rate"": 0.1, ""ops"": [""+"", ""-"", ""*"", ""/"", ""sin"", ""cos"", ""exp"", ""log""], ""succ_error_tol"": 1e-06}",0.5
imcts,Livermore,1,Livermore-1,expression,61,8838,2000,1000,1000,1,"[""x0""]",1/3 + x[0] + sin(x[0]**2),0.9999997019767761,True,1.0,1.0,7.0,55874,2.2016055699787103,0.0,0,x0 + x0 / (x0 + x0 + x0) + sin(x0 * x0),x0 + x0 / (x0 + x0 + x0) + sin(x0 * x0),x0 + sin(x0**2) + 1/3,[],"{""K"": 500, ""c"": 6.0, ""exploration_rate"": 0.1, ""gamma"": 0.5, ""gp_rate"": 0.5, ""lm_iterations"": 10, ""max_constants"": 999, ""max_depth"": 6, ""max_evals"": 2000000, ""max_unary"": 999, ""mutation_rate"": 0.1, ""ops"": [""+"", ""-"", ""*"", ""/"", ""sin"", ""cos"", ""exp"", ""log""], ""succ_error_tol"": 1e-06}","{""K"": 500, ""c"": 6.0, ""exploration_rate"": 0.1, ""gamma"": 0.5, ""gp_rate"": 0.5, ""lm_iterations"": 10, ""max_constants"": 999, ""max_depth"": 6, ""max_evals"": 2000000, ""max_unary"": 999, ""mutation_rate"": 0.1, ""ops"": [""+"", ""-"", ""*"", ""/"", ""sin"", ""cos"", ""exp"", ""log""], ""succ_error_tol"": 1e-06}",0.5
imcts,Livermore,1,Livermore-1,expression,62,30740,2000,1000,1000,1,"[""x0""]",1/3 + x[0] + sin(x[0]**2),0.9999997019767761,True,1.0,1.0,7.0,47024,1.8429215640062466,0.0,0,x0 / (x0 + x0 + x0) + x0 + sin(x0 * x0),x0 / (x0 + x0 + x0) + x0 + sin(x0 * x0),x0 + sin(x0**2) + 1/3,[],"{""K"": 500, ""c"": 6.0, ""exploration_rate"": 0.1, ""gamma"": 0.5, ""gp_rate"": 0.5, ""lm_iterations"": 10, ""max_constants"": 999, ""max_depth"": 6, ""max_evals"": 2000000, ""max_unary"": 999, ""mutation_rate"": 0.1, ""ops"": [""+"", ""-"", ""*"", ""/"", ""sin"", ""cos"", ""exp"", ""log""], ""succ_error_tol"": 1e-06}","{""K"": 500, ""c"": 6.0, ""exploration_rate"": 0.1, ""gamma"": 0.5, ""gp_rate"": 0.5, ""lm_iterations"": 10, ""max_constants"": 999, ""max_depth"": 6, ""max_evals"": 2000000, ""max_unary"": 999, ""mutation_rate"": 0.1, ""ops"": [""+"", ""-"", ""*"", ""/"", ""sin"", ""cos"", ""exp"", ""log""], ""succ_error_tol"": 1e-06}",0.5
imcts,Livermore,1,Livermore-1,expression,63,27464,2000,1000,1000,1,"[""x0""]",1/3 + x[0] + sin(x[0]**2),0.9999997615814209,True,1.0,1.0,7.0,16291,0.6012094669858925,0.0,0,x0 / x0 * x0 + x0 / (x0 + x0 + x0) + sin(x0 * x0),x0 / x0 * x0 + x0 / (x0 + x0 + x0) + sin(x0 * x0),x0 + sin(x0**2) + 1/3,[],"{""K"": 500, ""c"": 6.0, ""exploration_rate"": 0.1, ""gamma"": 0.5, ""gp_rate"": 0.5, ""lm_iterations"": 10, ""max_constants"": 999, ""max_depth"": 6, ""max_evals"": 2000000, ""max_unary"": 999, ""mutation_rate"": 0.1, ""ops"": [""+"", ""-"", ""*"", ""/"", ""sin"", ""cos"", ""exp"", ""log""], ""succ_error_tol"": 1e-06}","{""K"": 500, ""c"": 6.0, ""exploration_rate"": 0.1, ""gamma"": 0.5, ""gp_rate"": 0.5, ""lm_iterations"": 10, ""max_constants"": 999, ""max_depth"": 6, ""max_evals"": 2000000, ""max_unary"": 999, ""mutation_rate"": 0.1, ""ops"": [""+"", ""-"", ""*"", ""/"", ""sin"", ""cos"", ""exp"", ""log""], ""succ_error_tol"": 1e-06}",0.5
imcts,Livermore,1,Livermore-1,expression,64,14502,2000,1000,1000,1,"[""x0""]",1/3 + x[0] + sin(x[0]**2),0.9999997019767761,True,1.0,1.0,7.0,131665,5.40014565497404,0.0,0,x0 / x0 / (x0 + x0 + x0) * x0 + sin(x0 * x0) + x0,x0 / x0 / (x0 + x0 + x0) * x0 + sin(x0 * x0) + x0,x0 + sin(x0**2) + 1/3,[],"{""K"": 500, ""c"": 6.0, ""exploration_rate"": 0.1, ""gamma"": 0.5, ""gp_rate"": 0.5, ""lm_iterations"": 10, ""max_constants"": 999, ""max_depth"": 6, ""max_evals"": 2000000, ""max_unary"": 999, ""mutation_rate"": 0.1, ""ops"": [""+"", ""-"", ""*"", ""/"", ""sin"", ""cos"", ""exp"", ""log""], ""succ_error_tol"": 1e-06}","{""K"": 500, ""c"": 6.0, ""exploration_rate"": 0.1, ""gamma"": 0.5, ""gp_rate"": 0.5, ""lm_iterations"": 10, ""max_constants"": 999, ""max_depth"": 6, ""max_evals"": 2000000, ""max_unary"": 999, ""mutation_rate"": 0.1, ""ops"": [""+"", ""-"", ""*"", ""/"", ""sin"", ""cos"", ""exp"", ""log""], ""succ_error_tol"": 1e-06}",0.5
imcts,Livermore,1,Livermore-1,expression,65,21777,2000,1000,1000,1,"[""x0""]",1/3 + x[0] + sin(x[0]**2),0.9999997019767761,True,1.0,1.0,7.0,49513,1.9828295560437255,0.0,0,x0 / (x0 + x0 + x0) + x0 + sin(x0 * x0),x0 / (x0 + x0 + x0) + x0 + sin(x0 * x0),x0 + sin(x0**2) + 1/3,[],"{""K"": 500, ""c"": 6.0, ""exploration_rate"": 0.1, ""gamma"": 0.5, ""gp_rate"": 0.5, ""lm_iterations"": 10, ""max_constants"": 999, ""max_depth"": 6, ""max_evals"": 2000000, ""max_unary"": 999, ""mutation_rate"": 0.1, ""ops"": [""+"", ""-"", ""*"", ""/"", ""sin"", ""cos"", ""exp"", ""log""], ""succ_error_tol"": 1e-06}","{""K"": 500, ""c"": 6.0, ""exploration_rate"": 0.1, ""gamma"": 0.5, ""gp_rate"": 0.5, ""lm_iterations"": 10, ""max_constants"": 999, ""max_depth"": 6, ""max_evals"": 2000000, ""max_unary"": 999, ""mutation_rate"": 0.1, ""ops"": [""+"", ""-"", ""*"", ""/"", ""sin"", ""cos"", ""exp"", ""log""], ""succ_error_tol"": 1e-06}",0.5
imcts,Livermore,1,Livermore-1,expression,66,10627,2000,1000,1000,1,"[""x0""]",1/3 + x[0] + sin(x[0]**2),0.9999997019767761,True,1.0,1.0,7.0,102355,4.200101423019078,0.0,0,x0 / (x0 + x0 + x0) + sin(x0 * x0) + x0,x0 / (x0 + x0 + x0) + sin(x0 * x0) + x0,x0 + sin(x0**2) + 1/3,[],"{""K"": 500, ""c"": 6.0, ""exploration_rate"": 0.1, ""gamma"": 0.5, ""gp_rate"": 0.5, ""lm_iterations"": 10, ""max_constants"": 999, ""max_depth"": 6, ""max_evals"": 2000000, ""max_unary"": 999, ""mutation_rate"": 0.1, ""ops"": [""+"", ""-"", ""*"", ""/"", ""sin"", ""cos"", ""exp"", ""log""], ""succ_error_tol"": 1e-06}","{""K"": 500, ""c"": 6.0, ""exploration_rate"": 0.1, ""gamma"": 0.5, ""gp_rate"": 0.5, ""lm_iterations"": 10, ""max_constants"": 999, ""max_depth"": 6, ""max_evals"": 2000000, ""max_unary"": 999, ""mutation_rate"": 0.1, ""ops"": [""+"", ""-"", ""*"", ""/"", ""sin"", ""cos"", ""exp"", ""log""], ""succ_error_tol"": 1e-06}",0.5
imcts,Livermore,1,Livermore-1,expression,67,8792,2000,1000,1000,1,"[""x0""]",1/3 + x[0] + sin(x[0]**2),0.9999997019767761,True,1.0,1.0,7.0,27506,1.0228203219594434,0.0,0,sin(x0 * x0 * x0 / x0) + x0 + x0 / (x0 + x0 + x0),sin(x0 * x0 * x0 / x0) + x0 + x0 / (x0 + x0 + x0),x0 + sin(x0**2) + 1/3,[],"{""K"": 500, ""c"": 6.0, ""exploration_rate"": 0.1, ""gamma"": 0.5, ""gp_rate"": 0.5, ""lm_iterations"": 10, ""max_constants"": 999, ""max_depth"": 6, ""max_evals"": 2000000, ""max_unary"": 999, ""mutation_rate"": 0.1, ""ops"": [""+"", ""-"", ""*"", ""/"", ""sin"", ""cos"", ""exp"", ""log""], ""succ_error_tol"": 1e-06}","{""K"": 500, ""c"": 6.0, ""exploration_rate"": 0.1, ""gamma"": 0.5, ""gp_rate"": 0.5, ""lm_iterations"": 10, ""max_constants"": 999, ""max_depth"": 6, ""max_evals"": 2000000, ""max_unary"": 999, ""mutation_rate"": 0.1, ""ops"": [""+"", ""-"", ""*"", ""/"", ""sin"", ""cos"", ""exp"", ""log""], ""succ_error_tol"": 1e-06}",0.5
imcts,Livermore,1,Livermore-1,expression,68,10555,2000,1000,1000,1,"[""x0""]",1/3 + x[0] + sin(x[0]**2),0.9999997019767761,True,1.0,1.0,7.0,60386,2.3776944269775413,0.0,0,x0 / (x0 + x0 + x0) / (x0 / x0) + x0 + sin(x0 * x0),x0 / (x0 + x0 + x0) / (x0 / x0) + x0 + sin(x0 * x0),x0 + sin(x0**2) + 1/3,[],"{""K"": 500, ""c"": 6.0, ""exploration_rate"": 0.1, ""gamma"": 0.5, ""gp_rate"": 0.5, ""lm_iterations"": 10, ""max_constants"": 999, ""max_depth"": 6, ""max_evals"": 2000000, ""max_unary"": 999, ""mutation_rate"": 0.1, ""ops"": [""+"", ""-"", ""*"", ""/"", ""sin"", ""cos"", ""exp"", ""log""], ""succ_error_tol"": 1e-06}","{""K"": 500, ""c"": 6.0, ""exploration_rate"": 0.1, ""gamma"": 0.5, ""gp_rate"": 0.5, ""lm_iterations"": 10, ""max_constants"": 999, ""max_depth"": 6, ""max_evals"": 2000000, ""max_unary"": 999, ""mutation_rate"": 0.1, ""ops"": [""+"", ""-"", ""*"", ""/"", ""sin"", ""cos"", ""exp"", ""log""], ""succ_error_tol"": 1e-06}",0.5
imcts,Livermore,1,Livermore-1,expression,69,10253,2000,1000,1000,1,"[""x0""]",1/3 + x[0] + sin(x[0]**2),0.9999997019767761,True,1.0,1.0,7.0,94185,3.902135340962559,0.0,0,sin(x0 * x0) + x0 + x0 / (x0 + x0 + x0 + x0 - x0),sin(x0 * x0) + x0 + x0 / (x0 + x0 + x0 + x0 - x0),x0 + sin(x0**2) + 1/3,[],"{""K"": 500, ""c"": 6.0, ""exploration_rate"": 0.1, ""gamma"": 0.5, ""gp_rate"": 0.5, ""lm_iterations"": 10, ""max_constants"": 999, ""max_depth"": 6, ""max_evals"": 2000000, ""max_unary"": 999, ""mutation_rate"": 0.1, ""ops"": [""+"", ""-"", ""*"", ""/"", ""sin"", ""cos"", ""exp"", ""log""], ""succ_error_tol"": 1e-06}","{""K"": 500, ""c"": 6.0, ""exploration_rate"": 0.1, ""gamma"": 0.5, ""gp_rate"": 0.5, ""lm_iterations"": 10, ""max_constants"": 999, ""max_depth"": 6, ""max_evals"": 2000000, ""max_unary"": 999, ""mutation_rate"": 0.1, ""ops"": [""+"", ""-"", ""*"", ""/"", ""sin"", ""cos"", ""exp"", ""log""], ""succ_error_tol"": 1e-06}",0.5
imcts,Livermore,1,Livermore-1,expression,70,8433,2000,1000,1000,1,"[""x0""]",1/3 + x[0] + sin(x[0]**2),0.9999997019767761,True,1.0,1.0,7.0,58717,2.2831464170012623,0.0,0,x0 + sin(x0 * x0) + x0 / (x0 + x0 + x0),x0 + sin(x0 * x0) + x0 / (x0 + x0 + x0),x0 + sin(x0**2) + 1/3,[],"{""K"": 500, ""c"": 6.0, ""exploration_rate"": 0.1, ""gamma"": 0.5, ""gp_rate"": 0.5, ""lm_iterations"": 10, ""max_constants"": 999, ""max_depth"": 6, ""max_evals"": 2000000, ""max_unary"": 999, ""mutation_rate"": 0.1, ""ops"": [""+"", ""-"", ""*"", ""/"", ""sin"", ""cos"", ""exp"", ""log""], ""succ_error_tol"": 1e-06}","{""K"": 500, ""c"": 6.0, ""exploration_rate"": 0.1, ""gamma"": 0.5, ""gp_rate"": 0.5, ""lm_iterations"": 10, ""max_constants"": 999, ""max_depth"": 6, ""max_evals"": 2000000, ""max_unary"": 999, ""mutation_rate"": 0.1, ""ops"": [""+"", ""-"", ""*"", ""/"", ""sin"", ""cos"", ""exp"", ""log""], ""succ_error_tol"": 1e-06}",0.5
imcts,Livermore,1,Livermore-1,expression,71,10233,2000,1000,1000,1,"[""x0""]",1/3 + x[0] + sin(x[0]**2),0.9999997019767761,True,1.0,1.0,7.0,125820,5.1747145900153555,0.0,0,x0 + sin(x0 * x0) + x0 / (x0 + x0 + x0),x0 + sin(x0 * x0) + x0 / (x0 + x0 + x0),x0 + sin(x0**2) + 1/3,[],"{""K"": 500, ""c"": 6.0, ""exploration_rate"": 0.1, ""gamma"": 0.5, ""gp_rate"": 0.5, ""lm_iterations"": 10, ""max_constants"": 999, ""max_depth"": 6, ""max_evals"": 2000000, ""max_unary"": 999, ""mutation_rate"": 0.1, ""ops"": [""+"", ""-"", ""*"", ""/"", ""sin"", ""cos"", ""exp"", ""log""], ""succ_error_tol"": 1e-06}","{""K"": 500, ""c"": 6.0, ""exploration_rate"": 0.1, ""gamma"": 0.5, ""gp_rate"": 0.5, ""lm_iterations"": 10, ""max_constants"": 999, ""max_depth"": 6, ""max_evals"": 2000000, ""max_unary"": 999, ""mutation_rate"": 0.1, ""ops"": [""+"", ""-"", ""*"", ""/"", ""sin"", ""cos"", ""exp"", ""log""], ""succ_error_tol"": 1e-06}",0.5
imcts,Livermore,1,Livermore-1,expression,72,11016,2000,1000,1000,1,"[""x0""]",1/3 + x[0] + sin(x[0]**2),0.9999997019767761,True,1.0,1.0,7.0,60828,2.434936127043329,0.0,0,sin(x0 * x0) + x0 + x0 / (x0 + x0 + x0),sin(x0 * x0) + x0 + x0 / (x0 + x0 + x0),x0 + sin(x0**2) + 1/3,[],"{""K"": 500, ""c"": 6.0, ""exploration_rate"": 0.1, ""gamma"": 0.5, ""gp_rate"": 0.5, ""lm_iterations"": 10, ""max_constants"": 999, ""max_depth"": 6, ""max_evals"": 2000000, ""max_unary"": 999, ""mutation_rate"": 0.1, ""ops"": [""+"", ""-"", ""*"", ""/"", ""sin"", ""cos"", ""exp"", ""log""], ""succ_error_tol"": 1e-06}","{""K"": 500, ""c"": 6.0, ""exploration_rate"": 0.1, ""gamma"": 0.5, ""gp_rate"": 0.5, ""lm_iterations"": 10, ""max_constants"": 999, ""max_depth"": 6, ""max_evals"": 2000000, ""max_unary"": 999, ""mutation_rate"": 0.1, ""ops"": [""+"", ""-"", ""*"", ""/"", ""sin"", ""cos"", ""exp"", ""log""], ""succ_error_tol"": 1e-06}",0.5
imcts,Livermore,1,Livermore-1,expression,73,23897,2000,1000,1000,1,"[""x0""]",1/3 + x[0] + sin(x[0]**2),0.9999997019767761,True,1.0,1.0,7.0,84647,3.395700753957499,0.0,0,(x0 - x0) * x0 * x0 + x0 / (x0 + x0 + x0) + x0 - ((x0 - x0) * (x0 - x0) - sin(x0 * x0)),(x0 - x0) * x0 * x0 + x0 / (x0 + x0 + x0) + x0 - ((x0 - x0) * (x0 - x0) - sin(x0 * x0)),x0 + sin(x0**2) + 1/3,[],"{""K"": 500, ""c"": 6.0, ""exploration_rate"": 0.1, ""gamma"": 0.5, ""gp_rate"": 0.5, ""lm_iterations"": 10, ""max_constants"": 999, ""max_depth"": 6, ""max_evals"": 2000000, ""max_unary"": 999, ""mutation_rate"": 0.1, ""ops"": [""+"", ""-"", ""*"", ""/"", ""sin"", ""cos"", ""exp"", ""log""], ""succ_error_tol"": 1e-06}","{""K"": 500, ""c"": 6.0, ""exploration_rate"": 0.1, ""gamma"": 0.5, ""gp_rate"": 0.5, ""lm_iterations"": 10, ""max_constants"": 999, ""max_depth"": 6, ""max_evals"": 2000000, ""max_unary"": 999, ""mutation_rate"": 0.1, ""ops"": [""+"", ""-"", ""*"", ""/"", ""sin"", ""cos"", ""exp"", ""log""], ""succ_error_tol"": 1e-06}",0.5
imcts,Livermore,1,Livermore-1,expression,74,2612,2000,1000,1000,1,"[""x0""]",1/3 + x[0] + sin(x[0]**2),0.9999997019767761,True,1.0,1.0,7.0,109664,4.499927258992102,0.0,0,x0 + sin(x0 * x0) + x0 / (x0 + x0 + x0),x0 + sin(x0 * x0) + x0 / (x0 + x0 + x0),x0 + sin(x0**2) + 1/3,[],"{""K"": 500, ""c"": 6.0, ""exploration_rate"": 0.1, ""gamma"": 0.5, ""gp_rate"": 0.5, ""lm_iterations"": 10, ""max_constants"": 999, ""max_depth"": 6, ""max_evals"": 2000000, ""max_unary"": 999, ""mutation_rate"": 0.1, ""ops"": [""+"", ""-"", ""*"", ""/"", ""sin"", ""cos"", ""exp"", ""log""], ""succ_error_tol"": 1e-06}","{""K"": 500, ""c"": 6.0, ""exploration_rate"": 0.1, ""gamma"": 0.5, ""gp_rate"": 0.5, ""lm_iterations"": 10, ""max_constants"": 999, ""max_depth"": 6, ""max_evals"": 2000000, ""max_unary"": 999, ""mutation_rate"": 0.1, ""ops"": [""+"", ""-"", ""*"", ""/"", ""sin"", ""cos"", ""exp"", ""log""], ""succ_error_tol"": 1e-06}",0.5
imcts,Livermore,1,Livermore-1,expression,75,23425,2000,1000,1000,1,"[""x0""]",1/3 + x[0] + sin(x[0]**2),0.9999997019767761,True,1.0,1.0,7.0,84073,3.2196420860127546,0.0,0,x0 / (x0 + x0 + x0) + x0 + sin(x0 * x0),x0 / (x0 + x0 + x0) + x0 + sin(x0 * x0),x0 + sin(x0**2) + 1/3,[],"{""K"": 500, ""c"": 6.0, ""exploration_rate"": 0.1, ""gamma"": 0.5, ""gp_rate"": 0.5, ""lm_iterations"": 10, ""max_constants"": 999, ""max_depth"": 6, ""max_evals"": 2000000, ""max_unary"": 999, ""mutation_rate"": 0.1, ""ops"": [""+"", ""-"", ""*"", ""/"", ""sin"", ""cos"", ""exp"", ""log""], ""succ_error_tol"": 1e-06}","{""K"": 500, ""c"": 6.0, ""exploration_rate"": 0.1, ""gamma"": 0.5, ""gp_rate"": 0.5, ""lm_iterations"": 10, ""max_constants"": 999, ""max_depth"": 6, ""max_evals"": 2000000, ""max_unary"": 999, ""mutation_rate"": 0.1, ""ops"": [""+"", ""-"", ""*"", ""/"", ""sin"", ""cos"", ""exp"", ""log""], ""succ_error_tol"": 1e-06}",0.5
imcts,Livermore,1,Livermore-1,expression,76,25939,2000,1000,1000,1,"[""x0""]",1/3 + x[0] + sin(x[0]**2),0.9999997019767761,True,1.0,1.0,7.0,83209,3.362563543021679,0.0,0,x0 / x0 * sin(x0 * x0) + x0 + x0 / (x0 + x0 + x0),x0 / x0 * sin(x0 * x0) + x0 + x0 / (x0 + x0 + x0),x0 + sin(x0**2) + 1/3,[],"{""K"": 500, ""c"": 6.0, ""exploration_rate"": 0.1, ""gamma"": 0.5, ""gp_rate"": 0.5, ""lm_iterations"": 10, ""max_constants"": 999, ""max_depth"": 6, ""max_evals"": 2000000, ""max_unary"": 999, ""mutation_rate"": 0.1, ""ops"": [""+"", ""-"", ""*"", ""/"", ""sin"", ""cos"", ""exp"", ""log""], ""succ_error_tol"": 1e-06}","{""K"": 500, ""c"": 6.0, ""exploration_rate"": 0.1, ""gamma"": 0.5, ""gp_rate"": 0.5, ""lm_iterations"": 10, ""max_constants"": 999, ""max_depth"": 6, ""max_evals"": 2000000, ""max_unary"": 999, ""mutation_rate"": 0.1, ""ops"": [""+"", ""-"", ""*"", ""/"", ""sin"", ""cos"", ""exp"", ""log""], ""succ_error_tol"": 1e-06}",0.5
imcts,Livermore,1,Livermore-1,expression,77,22619,2000,1000,1000,1,"[""x0""]",1/3 + x[0] + sin(x[0]**2),0.9999997019767761,True,1.0,1.0,7.0,94234,3.9142853200319223,0.0,0,x0 / (x0 + x0 + x0) + sin(x0 * x0) + x0,x0 / (x0 + x0 + x0) + sin(x0 * x0) + x0,x0 + sin(x0**2) + 1/3,[],"{""K"": 500, ""c"": 6.0, ""exploration_rate"": 0.1, ""gamma"": 0.5, ""gp_rate"": 0.5, ""lm_iterations"": 10, ""max_constants"": 999, ""max_depth"": 6, ""max_evals"": 2000000, ""max_unary"": 999, ""mutation_rate"": 0.1, ""ops"": [""+"", ""-"", ""*"", ""/"", ""sin"", ""cos"", ""exp"", ""log""], ""succ_error_tol"": 1e-06}","{""K"": 500, ""c"": 6.0, ""exploration_rate"": 0.1, ""gamma"": 0.5, ""gp_rate"": 0.5, ""lm_iterations"": 10, ""max_constants"": 999, ""max_depth"": 6, ""max_evals"": 2000000, ""max_unary"": 999, ""mutation_rate"": 0.1, ""ops"": [""+"", ""-"", ""*"", ""/"", ""sin"", ""cos"", ""exp"", ""log""], ""succ_error_tol"": 1e-06}",0.5
imcts,Livermore,1,Livermore-1,expression,78,21870,2000,1000,1000,1,"[""x0""]",1/3 + x[0] + sin(x[0]**2),0.9999997019767761,True,1.0,1.0,7.0,62131,2.4405572640243918,0.0,0,sin(x0 * x0) + x0 + x0 / (x0 + x0 + x0),sin(x0 * x0) + x0 + x0 / (x0 + x0 + x0),x0 + sin(x0**2) + 1/3,[],"{""K"": 500, ""c"": 6.0, ""exploration_rate"": 0.1, ""gamma"": 0.5, ""gp_rate"": 0.5, ""lm_iterations"": 10, ""max_constants"": 999, ""max_depth"": 6, ""max_evals"": 2000000, ""max_unary"": 999, ""mutation_rate"": 0.1, ""ops"": [""+"", ""-"", ""*"", ""/"", ""sin"", ""cos"", ""exp"", ""log""], ""succ_error_tol"": 1e-06}","{""K"": 500, ""c"": 6.0, ""exploration_rate"": 0.1, ""gamma"": 0.5, ""gp_rate"": 0.5, ""lm_iterations"": 10, ""max_constants"": 999, ""max_depth"": 6, ""max_evals"": 2000000, ""max_unary"": 999, ""mutation_rate"": 0.1, ""ops"": [""+"", ""-"", ""*"", ""/"", ""sin"", ""cos"", ""exp"", ""log""], ""succ_error_tol"": 1e-06}",0.5
imcts,Livermore,1,Livermore-1,expression,79,23483,2000,1000,1000,1,"[""x0""]",1/3 + x[0] + sin(x[0]**2),0.9999997019767761,True,1.0,1.0,7.0,103559,4.221299875993282,0.0,0,x0 / (x0 + x0 + x0) + sin(x0 * x0) + x0,x0 / (x0 + x0 + x0) + sin(x0 * x0) + x0,x0 + sin(x0**2) + 1/3,[],"{""K"": 500, ""c"": 6.0, ""exploration_rate"": 0.1, ""gamma"": 0.5, ""gp_rate"": 0.5, ""lm_iterations"": 10, ""max_constants"": 999, ""max_depth"": 6, ""max_evals"": 2000000, ""max_unary"": 999, ""mutation_rate"": 0.1, ""ops"": [""+"", ""-"", ""*"", ""/"", ""sin"", ""cos"", ""exp"", ""log""], ""succ_error_tol"": 1e-06}","{""K"": 500, ""c"": 6.0, ""exploration_rate"": 0.1, ""gamma"": 0.5, ""gp_rate"": 0.5, ""lm_iterations"": 10, ""max_constants"": 999, ""max_depth"": 6, ""max_evals"": 2000000, ""max_unary"": 999, ""mutation_rate"": 0.1, ""ops"": [""+"", ""-"", ""*"", ""/"", ""sin"", ""cos"", ""exp"", ""log""], ""succ_error_tol"": 1e-06}",0.5
imcts,Livermore,1,Livermore-1,expression,80,26054,2000,1000,1000,1,"[""x0""]",1/3 + x[0] + sin(x[0]**2),0.9999997019767761,True,1.0,1.0,7.0,73576,2.7562944109668024,0.0,0,sin(x0 * x0) + x0 + (x0 - x0) / (x0 + x0) + x0 / (x0 + x0 + x0),sin(x0 * x0) + x0 + (x0 - x0) / (x0 + x0) + x0 / (x0 + x0 + x0),x0 + sin(x0**2) + 1/3,[],"{""K"": 500, ""c"": 6.0, ""exploration_rate"": 0.1, ""gamma"": 0.5, ""gp_rate"": 0.5, ""lm_iterations"": 10, ""max_constants"": 999, ""max_depth"": 6, ""max_evals"": 2000000, ""max_unary"": 999, ""mutation_rate"": 0.1, ""ops"": [""+"", ""-"", ""*"", ""/"", ""sin"", ""cos"", ""exp"", ""log""], ""succ_error_tol"": 1e-06}","{""K"": 500, ""c"": 6.0, ""exploration_rate"": 0.1, ""gamma"": 0.5, ""gp_rate"": 0.5, ""lm_iterations"": 10, ""max_constants"": 999, ""max_depth"": 6, ""max_evals"": 2000000, ""max_unary"": 999, ""mutation_rate"": 0.1, ""ops"": [""+"", ""-"", ""*"", ""/"", ""sin"", ""cos"", ""exp"", ""log""], ""succ_error_tol"": 1e-06}",0.5
imcts,Livermore,1,Livermore-1,expression,81,15787,2000,1000,1000,1,"[""x0""]",1/3 + x[0] + sin(x[0]**2),0.9999997019767761,True,1.0,1.0,7.0,61555,2.468239293026272,0.0,0,x0 / (x0 + x0 + x0) + x0 + sin(x0 * x0),x0 / (x0 + x0 + x0) + x0 + sin(x0 * x0),x0 + sin(x0**2) + 1/3,[],"{""K"": 500, ""c"": 6.0, ""exploration_rate"": 0.1, ""gamma"": 0.5, ""gp_rate"": 0.5, ""lm_iterations"": 10, ""max_constants"": 999, ""max_depth"": 6, ""max_evals"": 2000000, ""max_unary"": 999, ""mutation_rate"": 0.1, ""ops"": [""+"", ""-"", ""*"", ""/"", ""sin"", ""cos"", ""exp"", ""log""], ""succ_error_tol"": 1e-06}","{""K"": 500, ""c"": 6.0, ""exploration_rate"": 0.1, ""gamma"": 0.5, ""gp_rate"": 0.5, ""lm_iterations"": 10, ""max_constants"": 999, ""max_depth"": 6, ""max_evals"": 2000000, ""max_unary"": 999, ""mutation_rate"": 0.1, ""ops"": [""+"", ""-"", ""*"", ""/"", ""sin"", ""cos"", ""exp"", ""log""], ""succ_error_tol"": 1e-06}",0.5
imcts,Livermore,1,Livermore-1,expression,82,27132,2000,1000,1000,1,"[""x0""]",1/3 + x[0] + sin(x[0]**2),0.9999997019767761,True,1.0,1.0,7.0,80548,3.129343684995547,0.0,0,x0 / (x0 + x0 + x0) + x0 - sin(x0 - (x0 + x0 * x0)),x0 / (x0 + x0 + x0) + x0 - sin(x0 - (x0 + x0 * x0)),x0 + sin(x0**2) + 1/3,[],"{""K"": 500, ""c"": 6.0, ""exploration_rate"": 0.1, ""gamma"": 0.5, ""gp_rate"": 0.5, ""lm_iterations"": 10, ""max_constants"": 999, ""max_depth"": 6, ""max_evals"": 2000000, ""max_unary"": 999, ""mutation_rate"": 0.1, ""ops"": [""+"", ""-"", ""*"", ""/"", ""sin"", ""cos"", ""exp"", ""log""], ""succ_error_tol"": 1e-06}","{""K"": 500, ""c"": 6.0, ""exploration_rate"": 0.1, ""gamma"": 0.5, ""gp_rate"": 0.5, ""lm_iterations"": 10, ""max_constants"": 999, ""max_depth"": 6, ""max_evals"": 2000000, ""max_unary"": 999, ""mutation_rate"": 0.1, ""ops"": [""+"", ""-"", ""*"", ""/"", ""sin"", ""cos"", ""exp"", ""log""], ""succ_error_tol"": 1e-06}",0.5
imcts,Livermore,1,Livermore-1,expression,83,17159,2000,1000,1000,1,"[""x0""]",1/3 + x[0] + sin(x[0]**2),0.9999997019767761,True,1.0,1.0,7.0,51479,1.9853054839768447,0.0,0,x0 / (x0 + x0 + x0) + x0 + sin(x0 * x0),x0 / (x0 + x0 + x0) + x0 + sin(x0 * x0),x0 + sin(x0**2) + 1/3,[],"{""K"": 500, ""c"": 6.0, ""exploration_rate"": 0.1, ""gamma"": 0.5, ""gp_rate"": 0.5, ""lm_iterations"": 10, ""max_constants"": 999, ""max_depth"": 6, ""max_evals"": 2000000, ""max_unary"": 999, ""mutation_rate"": 0.1, ""ops"": [""+"", ""-"", ""*"", ""/"", ""sin"", ""cos"", ""exp"", ""log""], ""succ_error_tol"": 1e-06}","{""K"": 500, ""c"": 6.0, ""exploration_rate"": 0.1, ""gamma"": 0.5, ""gp_rate"": 0.5, ""lm_iterations"": 10, ""max_constants"": 999, ""max_depth"": 6, ""max_evals"": 2000000, ""max_unary"": 999, ""mutation_rate"": 0.1, ""ops"": [""+"", ""-"", ""*"", ""/"", ""sin"", ""cos"", ""exp"", ""log""], ""succ_error_tol"": 1e-06}",0.5
imcts,Livermore,1,Livermore-1,expression,84,12206,2000,1000,1000,1,"[""x0""]",1/3 + x[0] + sin(x[0]**2),0.9999997019767761,True,1.0,1.0,7.0,103544,4.159573891025502,0.0,0,x0 + sin(x0 * x0) - (x0 - x0 - x0) * x0 / (x0 * x0 + x0 * x0 + x0 * x0),x0 + sin(x0 * x0) - (x0 - x0 - x0) * x0 / (x0 * x0 + x0 * x0 + x0 * x0),x0 + sin(x0**2) + 1/3,[],"{""K"": 500, ""c"": 6.0, ""exploration_rate"": 0.1, ""gamma"": 0.5, ""gp_rate"": 0.5, ""lm_iterations"": 10, ""max_constants"": 999, ""max_depth"": 6, ""max_evals"": 2000000, ""max_unary"": 999, ""mutation_rate"": 0.1, ""ops"": [""+"", ""-"", ""*"", ""/"", ""sin"", ""cos"", ""exp"", ""log""], ""succ_error_tol"": 1e-06}","{""K"": 500, ""c"": 6.0, ""exploration_rate"": 0.1, ""gamma"": 0.5, ""gp_rate"": 0.5, ""lm_iterations"": 10, ""max_constants"": 999, ""max_depth"": 6, ""max_evals"": 2000000, ""max_unary"": 999, ""mutation_rate"": 0.1, ""ops"": [""+"", ""-"", ""*"", ""/"", ""sin"", ""cos"", ""exp"", ""log""], ""succ_error_tol"": 1e-06}",0.5
imcts,Livermore,1,Livermore-1,expression,85,8226,2000,1000,1000,1,"[""x0""]",1/3 + x[0] + sin(x[0]**2),0.9999997019767761,True,1.0,1.0,7.0,66955,2.604593352007214,0.0,0,x0 + sin(x0 * x0) + x0 / (x0 + (x0 + x0) * x0 / x0),x0 + sin(x0 * x0) + x0 / (x0 + (x0 + x0) * x0 / x0),x0 + sin(x0**2) + 1/3,[],"{""K"": 500, ""c"": 6.0, ""exploration_rate"": 0.1, ""gamma"": 0.5, ""gp_rate"": 0.5, ""lm_iterations"": 10, ""max_constants"": 999, ""max_depth"": 6, ""max_evals"": 2000000, ""max_unary"": 999, ""mutation_rate"": 0.1, ""ops"": [""+"", ""-"", ""*"", ""/"", ""sin"", ""cos"", ""exp"", ""log""], ""succ_error_tol"": 1e-06}","{""K"": 500, ""c"": 6.0, ""exploration_rate"": 0.1, ""gamma"": 0.5, ""gp_rate"": 0.5, ""lm_iterations"": 10, ""max_constants"": 999, ""max_depth"": 6, ""max_evals"": 2000000, ""max_unary"": 999, ""mutation_rate"": 0.1, ""ops"": [""+"", ""-"", ""*"", ""/"", ""sin"", ""cos"", ""exp"", ""log""], ""succ_error_tol"": 1e-06}",0.5
imcts,Livermore,1,Livermore-1,expression,86,14541,2000,1000,1000,1,"[""x0""]",1/3 + x[0] + sin(x[0]**2),0.9999997019767761,True,1.0,1.0,7.0,98718,4.016061731963418,0.0,0,x0 / (x0 + x0 + x0) / exp(x0 - x0) + x0 + sin(x0 * x0),x0 / (x0 + x0 + x0) / exp(x0 - x0) + x0 + sin(x0 * x0),x0 + sin(x0**2) + 1/3,[],"{""K"": 500, ""c"": 6.0, ""exploration_rate"": 0.1, ""gamma"": 0.5, ""gp_rate"": 0.5, ""lm_iterations"": 10, ""max_constants"": 999, ""max_depth"": 6, ""max_evals"": 2000000, ""max_unary"": 999, ""mutation_rate"": 0.1, ""ops"": [""+"", ""-"", ""*"", ""/"", ""sin"", ""cos"", ""exp"", ""log""], ""succ_error_tol"": 1e-06}","{""K"": 500, ""c"": 6.0, ""exploration_rate"": 0.1, ""gamma"": 0.5, ""gp_rate"": 0.5, ""lm_iterations"": 10, ""max_constants"": 999, ""max_depth"": 6, ""max_evals"": 2000000, ""max_unary"": 999, ""mutation_rate"": 0.1, ""ops"": [""+"", ""-"", ""*"", ""/"", ""sin"", ""cos"", ""exp"", ""log""], ""succ_error_tol"": 1e-06}",0.5
imcts,Livermore,1,Livermore-1,expression,87,3152,2000,1000,1000,1,"[""x0""]",1/3 + x[0] + sin(x[0]**2),0.9999997019767761,True,1.0,1.0,7.0,86191,3.5071278079994954,0.0,0,x0 / (x0 + x0 + x0) + x0 + sin(x0 * x0),x0 / (x0 + x0 + x0) + x0 + sin(x0 * x0),x0 + sin(x0**2) + 1/3,[],"{""K"": 500, ""c"": 6.0, ""exploration_rate"": 0.1, ""gamma"": 0.5, ""gp_rate"": 0.5, ""lm_iterations"": 10, ""max_constants"": 999, ""max_depth"": 6, ""max_evals"": 2000000, ""max_unary"": 999, ""mutation_rate"": 0.1, ""ops"": [""+"", ""-"", ""*"", ""/"", ""sin"", ""cos"", ""exp"", ""log""], ""succ_error_tol"": 1e-06}","{""K"": 500, ""c"": 6.0, ""exploration_rate"": 0.1, ""gamma"": 0.5, ""gp_rate"": 0.5, ""lm_iterations"": 10, ""max_constants"": 999, ""max_depth"": 6, ""max_evals"": 2000000, ""max_unary"": 999, ""mutation_rate"": 0.1, ""ops"": [""+"", ""-"", ""*"", ""/"", ""sin"", ""cos"", ""exp"", ""log""], ""succ_error_tol"": 1e-06}",0.5
imcts,Livermore,1,Livermore-1,expression,88,26531,2000,1000,1000,1,"[""x0""]",1/3 + x[0] + sin(x[0]**2),0.9999997019767761,True,1.0,1.0,7.0,124320,5.041461179032922,0.0,0,x0 + sin(x0 * x0) + x0 / (x0 + x0 + x0) - (x0 - x0),x0 + sin(x0 * x0) + x0 / (x0 + x0 + x0) - (x0 - x0),x0 + sin(x0**2) + 1/3,[],"{""K"": 500, ""c"": 6.0, ""exploration_rate"": 0.1, ""gamma"": 0.5, ""gp_rate"": 0.5, ""lm_iterations"": 10, ""max_constants"": 999, ""max_depth"": 6, ""max_evals"": 2000000, ""max_unary"": 999, ""mutation_rate"": 0.1, ""ops"": [""+"", ""-"", ""*"", ""/"", ""sin"", ""cos"", ""exp"", ""log""], ""succ_error_tol"": 1e-06}","{""K"": 500, ""c"": 6.0, ""exploration_rate"": 0.1, ""gamma"": 0.5, ""gp_rate"": 0.5, ""lm_iterations"": 10, ""max_constants"": 999, ""max_depth"": 6, ""max_evals"": 2000000, ""max_unary"": 999, ""mutation_rate"": 0.1, ""ops"": [""+"", ""-"", ""*"", ""/"", ""sin"", ""cos"", ""exp"", ""log""], ""succ_error_tol"": 1e-06}",0.5
imcts,Livermore,1,Livermore-1,expression,89,1585,2000,1000,1000,1,"[""x0""]",1/3 + x[0] + sin(x[0]**2),0.9999997019767761,True,1.0,1.0,7.0,81665,3.221524423977826,0.0,0,sin(x0 * x0) + x0 + x0 / (x0 + x0 + x0),sin(x0 * x0) + x0 + x0 / (x0 + x0 + x0),x0 + sin(x0**2) + 1/3,[],"{""K"": 500, ""c"": 6.0, ""exploration_rate"": 0.1, ""gamma"": 0.5, ""gp_rate"": 0.5, ""lm_iterations"": 10, ""max_constants"": 999, ""max_depth"": 6, ""max_evals"": 2000000, ""max_unary"": 999, ""mutation_rate"": 0.1, ""ops"": [""+"", ""-"", ""*"", ""/"", ""sin"", ""cos"", ""exp"", ""log""], ""succ_error_tol"": 1e-06}","{""K"": 500, ""c"": 6.0, ""exploration_rate"": 0.1, ""gamma"": 0.5, ""gp_rate"": 0.5, ""lm_iterations"": 10, ""max_constants"": 999, ""max_depth"": 6, ""max_evals"": 2000000, ""max_unary"": 999, ""mutation_rate"": 0.1, ""ops"": [""+"", ""-"", ""*"", ""/"", ""sin"", ""cos"", ""exp"", ""log""], ""succ_error_tol"": 1e-06}",0.5
imcts,Livermore,1,Livermore-1,expression,90,3943,2000,1000,1000,1,"[""x0""]",1/3 + x[0] + sin(x[0]**2),0.9999997019767761,True,1.0,1.0,7.0,82429,3.295186873001512,0.0,0,x0 / (x0 + x0 + x0) + x0 + sin(x0 * x0),x0 / (x0 + x0 + x0) + x0 + sin(x0 * x0),x0 + sin(x0**2) + 1/3,[],"{""K"": 500, ""c"": 6.0, ""exploration_rate"": 0.1, ""gamma"": 0.5, ""gp_rate"": 0.5, ""lm_iterations"": 10, ""max_constants"": 999, ""max_depth"": 6, ""max_evals"": 2000000, ""max_unary"": 999, ""mutation_rate"": 0.1, ""ops"": [""+"", ""-"", ""*"", ""/"", ""sin"", ""cos"", ""exp"", ""log""], ""succ_error_tol"": 1e-06}","{""K"": 500, ""c"": 6.0, ""exploration_rate"": 0.1, ""gamma"": 0.5, ""gp_rate"": 0.5, ""lm_iterations"": 10, ""max_constants"": 999, ""max_depth"": 6, ""max_evals"": 2000000, ""max_unary"": 999, ""mutation_rate"": 0.1, ""ops"": [""+"", ""-"", ""*"", ""/"", ""sin"", ""cos"", ""exp"", ""log""], ""succ_error_tol"": 1e-06}",0.5
imcts,Livermore,1,Livermore-1,expression,91,23939,2000,1000,1000,1,"[""x0""]",1/3 + x[0] + sin(x[0]**2),0.9999997019767761,True,1.0,1.0,7.0,70362,2.839442702010274,0.0,0,x0 / (x0 + x0 + x0) + sin(x0 * x0) + x0,x0 / (x0 + x0 + x0) + sin(x0 * x0) + x0,x0 + sin(x0**2) + 1/3,[],"{""K"": 500, ""c"": 6.0, ""exploration_rate"": 0.1, ""gamma"": 0.5, ""gp_rate"": 0.5, ""lm_iterations"": 10, ""max_constants"": 999, ""max_depth"": 6, ""max_evals"": 2000000, ""max_unary"": 999, ""mutation_rate"": 0.1, ""ops"": [""+"", ""-"", ""*"", ""/"", ""sin"", ""cos"", ""exp"", ""log""], ""succ_error_tol"": 1e-06}","{""K"": 500, ""c"": 6.0, ""exploration_rate"": 0.1, ""gamma"": 0.5, ""gp_rate"": 0.5, ""lm_iterations"": 10, ""max_constants"": 999, ""max_depth"": 6, ""max_evals"": 2000000, ""max_unary"": 999, ""mutation_rate"": 0.1, ""ops"": [""+"", ""-"", ""*"", ""/"", ""sin"", ""cos"", ""exp"", ""log""], ""succ_error_tol"": 1e-06}",0.5
imcts,Livermore,1,Livermore-1,expression,92,19457,2000,1000,1000,1,"[""x0""]",1/3 + x[0] + sin(x[0]**2),0.9999997019767761,True,1.0,1.0,7.0,21194,0.8537576730013825,0.0,0,x0 / (x0 + x0 + x0) + sin(x0 * x0) + x0,x0 / (x0 + x0 + x0) + sin(x0 * x0) + x0,x0 + sin(x0**2) + 1/3,[],"{""K"": 500, ""c"": 6.0, ""exploration_rate"": 0.1, ""gamma"": 0.5, ""gp_rate"": 0.5, ""lm_iterations"": 10, ""max_constants"": 999, ""max_depth"": 6, ""max_evals"": 2000000, ""max_unary"": 999, ""mutation_rate"": 0.1, ""ops"": [""+"", ""-"", ""*"", ""/"", ""sin"", ""cos"", ""exp"", ""log""], ""succ_error_tol"": 1e-06}","{""K"": 500, ""c"": 6.0, ""exploration_rate"": 0.1, ""gamma"": 0.5, ""gp_rate"": 0.5, ""lm_iterations"": 10, ""max_constants"": 999, ""max_depth"": 6, ""max_evals"": 2000000, ""max_unary"": 999, ""mutation_rate"": 0.1, ""ops"": [""+"", ""-"", ""*"", ""/"", ""sin"", ""cos"", ""exp"", ""log""], ""succ_error_tol"": 1e-06}",0.5
imcts,Livermore,1,Livermore-1,expression,93,1021,2000,1000,1000,1,"[""x0""]",1/3 + x[0] + sin(x[0]**2),0.9999997019767761,True,1.0,1.0,7.0,58560,2.2845214559929445,0.0,0,x0 + x0 / (x0 + x0 + x0) + sin(x0 * x0),x0 + x0 / (x0 + x0 + x0) + sin(x0 * x0),x0 + sin(x0**2) + 1/3,[],"{""K"": 500, ""c"": 6.0, ""exploration_rate"": 0.1, ""gamma"": 0.5, ""gp_rate"": 0.5, ""lm_iterations"": 10, ""max_constants"": 999, ""max_depth"": 6, ""max_evals"": 2000000, ""max_unary"": 999, ""mutation_rate"": 0.1, ""ops"": [""+"", ""-"", ""*"", ""/"", ""sin"", ""cos"", ""exp"", ""log""], ""succ_error_tol"": 1e-06}","{""K"": 500, ""c"": 6.0, ""exploration_rate"": 0.1, ""gamma"": 0.5, ""gp_rate"": 0.5, ""lm_iterations"": 10, ""max_constants"": 999, ""max_depth"": 6, ""max_evals"": 2000000, ""max_unary"": 999, ""mutation_rate"": 0.1, ""ops"": [""+"", ""-"", ""*"", ""/"", ""sin"", ""cos"", ""exp"", ""log""], ""succ_error_tol"": 1e-06}",0.5
imcts,Livermore,1,Livermore-1,expression,94,11653,2000,1000,1000,1,"[""x0""]",1/3 + x[0] + sin(x[0]**2),0.9999997019767761,True,1.0,1.0,7.0,94743,3.7271177990478463,0.0,0,x0 / (x0 + x0 + x0) + sin(x0 * x0) / (x0 / x0 + x0 - x0) + x0,x0 / (x0 + x0 + x0) + sin(x0 * x0) / (x0 / x0 + x0 - x0) + x0,x0 + sin(x0**2) + 1/3,[],"{""K"": 500, ""c"": 6.0, ""exploration_rate"": 0.1, ""gamma"": 0.5, ""gp_rate"": 0.5, ""lm_iterations"": 10, ""max_constants"": 999, ""max_depth"": 6, ""max_evals"": 2000000, ""max_unary"": 999, ""mutation_rate"": 0.1, ""ops"": [""+"", ""-"", ""*"", ""/"", ""sin"", ""cos"", ""exp"", ""log""], ""succ_error_tol"": 1e-06}","{""K"": 500, ""c"": 6.0, ""exploration_rate"": 0.1, ""gamma"": 0.5, ""gp_rate"": 0.5, ""lm_iterations"": 10, ""max_constants"": 999, ""max_depth"": 6, ""max_evals"": 2000000, ""max_unary"": 999, ""mutation_rate"": 0.1, ""ops"": [""+"", ""-"", ""*"", ""/"", ""sin"", ""cos"", ""exp"", ""log""], ""succ_error_tol"": 1e-06}",0.5
imcts,Livermore,1,Livermore-1,expression,95,10805,2000,1000,1000,1,"[""x0""]",1/3 + x[0] + sin(x[0]**2),0.9999997019767761,True,1.0,1.0,7.0,47515,1.8207745890249498,0.0,0,x0 + sin(x0 * x0) + x0 / (x0 + x0 + x0),x0 + sin(x0 * x0) + x0 / (x0 + x0 + x0),x0 + sin(x0**2) + 1/3,[],"{""K"": 500, ""c"": 6.0, ""exploration_rate"": 0.1, ""gamma"": 0.5, ""gp_rate"": 0.5, ""lm_iterations"": 10, ""max_constants"": 999, ""max_depth"": 6, ""max_evals"": 2000000, ""max_unary"": 999, ""mutation_rate"": 0.1, ""ops"": [""+"", ""-"", ""*"", ""/"", ""sin"", ""cos"", ""exp"", ""log""], ""succ_error_tol"": 1e-06}","{""K"": 500, ""c"": 6.0, ""exploration_rate"": 0.1, ""gamma"": 0.5, ""gp_rate"": 0.5, ""lm_iterations"": 10, ""max_constants"": 999, ""max_depth"": 6, ""max_evals"": 2000000, ""max_unary"": 999, ""mutation_rate"": 0.1, ""ops"": [""+"", ""-"", ""*"", ""/"", ""sin"", ""cos"", ""exp"", ""log""], ""succ_error_tol"": 1e-06}",0.5
imcts,Livermore,1,Livermore-1,expression,96,13417,2000,1000,1000,1,"[""x0""]",1/3 + x[0] + sin(x[0]**2),0.9999997019767761,True,1.0,1.0,7.0,107991,4.272121811052784,0.0,0,sin(x0 * x0) + x0 / (x0 + x0 + x0) + x0,sin(x0 * x0) + x0 / (x0 + x0 + x0) + x0,x0 + sin(x0**2) + 1/3,[],"{""K"": 500, ""c"": 6.0, ""exploration_rate"": 0.1, ""gamma"": 0.5, ""gp_rate"": 0.5, ""lm_iterations"": 10, ""max_constants"": 999, ""max_depth"": 6, ""max_evals"": 2000000, ""max_unary"": 999, ""mutation_rate"": 0.1, ""ops"": [""+"", ""-"", ""*"", ""/"", ""sin"", ""cos"", ""exp"", ""log""], ""succ_error_tol"": 1e-06}","{""K"": 500, ""c"": 6.0, ""exploration_rate"": 0.1, ""gamma"": 0.5, ""gp_rate"": 0.5, ""lm_iterations"": 10, ""max_constants"": 999, ""max_depth"": 6, ""max_evals"": 2000000, ""max_unary"": 999, ""mutation_rate"": 0.1, ""ops"": [""+"", ""-"", ""*"", ""/"", ""sin"", ""cos"", ""exp"", ""log""], ""succ_error_tol"": 1e-06}",0.5
imcts,Livermore,1,Livermore-1,expression,97,20227,2000,1000,1000,1,"[""x0""]",1/3 + x[0] + sin(x[0]**2),0.9999997019767761,True,1.0,1.0,7.0,113937,4.5674972810084,0.0,0,x0 / (x0 + x0 + x0) + x0 + sin(x0 * x0),x0 / (x0 + x0 + x0) + x0 + sin(x0 * x0),x0 + sin(x0**2) + 1/3,[],"{""K"": 500, ""c"": 6.0, ""exploration_rate"": 0.1, ""gamma"": 0.5, ""gp_rate"": 0.5, ""lm_iterations"": 10, ""max_constants"": 999, ""max_depth"": 6, ""max_evals"": 2000000, ""max_unary"": 999, ""mutation_rate"": 0.1, ""ops"": [""+"", ""-"", ""*"", ""/"", ""sin"", ""cos"", ""exp"", ""log""], ""succ_error_tol"": 1e-06}","{""K"": 500, ""c"": 6.0, ""exploration_rate"": 0.1, ""gamma"": 0.5, ""gp_rate"": 0.5, ""lm_iterations"": 10, ""max_constants"": 999, ""max_depth"": 6, ""max_evals"": 2000000, ""max_unary"": 999, ""mutation_rate"": 0.1, ""ops"": [""+"", ""-"", ""*"", ""/"", ""sin"", ""cos"", ""exp"", ""log""], ""succ_error_tol"": 1e-06}",0.5
imcts,Livermore,1,Livermore-1,expression,98,7989,2000,1000,1000,1,"[""x0""]",1/3 + x[0] + sin(x[0]**2),0.9999997019767761,True,1.0,1.0,7.0,75366,2.9721291739842854,0.0,0,sin(x0 * x0) + x0 + x0 / (x0 + x0 + x0),sin(x0 * x0) + x0 + x0 / (x0 + x0 + x0),x0 + sin(x0**2) + 1/3,[],"{""K"": 500, ""c"": 6.0, ""exploration_rate"": 0.1, ""gamma"": 0.5, ""gp_rate"": 0.5, ""lm_iterations"": 10, ""max_constants"": 999, ""max_depth"": 6, ""max_evals"": 2000000, ""max_unary"": 999, ""mutation_rate"": 0.1, ""ops"": [""+"", ""-"", ""*"", ""/"", ""sin"", ""cos"", ""exp"", ""log""], ""succ_error_tol"": 1e-06}","{""K"": 500, ""c"": 6.0, ""exploration_rate"": 0.1, ""gamma"": 0.5, ""gp_rate"": 0.5, ""lm_iterations"": 10, ""max_constants"": 999, ""max_depth"": 6, ""max_evals"": 2000000, ""max_unary"": 999, ""mutation_rate"": 0.1, ""ops"": [""+"", ""-"", ""*"", ""/"", ""sin"", ""cos"", ""exp"", ""log""], ""succ_error_tol"": 1e-06}",0.5
imcts,Livermore,1,Livermore-1,expression,99,9692,2000,1000,1000,1,"[""x0""]",1/3 + x[0] + sin(x[0]**2),0.9999997019767761,True,1.0,1.0,7.0,41511,1.6344380550435744,0.0,0,x0 / (x0 + x0 + x0) + sin(x0 * x0) + x0,x0 / (x0 + x0 + x0) + sin(x0 * x0) + x0,x0 + sin(x0**2) + 1/3,[],"{""K"": 500, ""c"": 6.0, ""exploration_rate"": 0.1, ""gamma"": 0.5, ""gp_rate"": 0.5, ""lm_iterations"": 10, ""max_constants"": 999, ""max_depth"": 6, ""max_evals"": 2000000, ""max_unary"": 999, ""mutation_rate"": 0.1, ""ops"": [""+"", ""-"", ""*"", ""/"", ""sin"", ""cos"", ""exp"", ""log""], ""succ_error_tol"": 1e-06}","{""K"": 500, ""c"": 6.0, ""exploration_rate"": 0.1, ""gamma"": 0.5, ""gp_rate"": 0.5, ""lm_iterations"": 10, ""max_constants"": 999, ""max_depth"": 6, ""max_evals"": 2000000, ""max_unary"": 999, ""mutation_rate"": 0.1, ""ops"": [""+"", ""-"", ""*"", ""/"", ""sin"", ""cos"", ""exp"", ""log""], ""succ_error_tol"": 1e-06}",0.5
